#
# There is insufficient memory for the Java Runtime Environment to continue.
# Native memory allocation (mmap) failed to map 503316480 bytes for G1 virtual space
# Possible reasons:
#   The system is out of physical RAM or swap space
#   The process is running with CompressedOops enabled, and the Java Heap may be blocking the growth of the native heap
# Possible solutions:
#   Reduce memory load on the system
#   Increase physical memory or swap space
#   Check if swap backing store is full
#   Decrease Java heap size (-Xmx/-Xms)
#   Decrease number of Java threads
#   Decrease Java thread stack sizes (-Xss)
#   Set larger code cache with -XX:ReservedCodeCacheSize=
#   JVM is running with Unscaled Compressed Oops mode in which the Java heap is
#     placed in the first 4GB address space. The Java Heap base address is the
#     maximum limit for the native heap growth. Please use -XX:HeapBaseMinAddress
#     to set the Java Heap base and to place the Java Heap above 4GB virtual address.
# This output file may be truncated or incomplete.
#
#  Out of Memory Error (os_windows.cpp:3552), pid=21492, tid=7464
#
# JRE version: Java(TM) SE Runtime Environment (17.0.9+11) (build 17.0.9+11-LTS-201)
# Java VM: Java HotSpot(TM) 64-Bit Server VM (17.0.9+11-LTS-201, mixed mode, sharing, tiered, compressed oops, compressed class ptrs, g1 gc, windows-amd64)
# No core dump will be written. Minidumps are not enabled by default on client versions of Windows
#

---------------  S U M M A R Y ------------

Command Line: C:\\Users\\pc\\AppData\\Roaming\\daml\\sdk\\2.10.2\\canton\\canton.jar daemon -c C:\\Users\\pc\\AppData\\Local\\Temp\\extB71C --auto-connect-local

Host: Intel(R) Core(TM) i7-6600U CPU @ 2.60GHz, 4 cores, 7G,  Windows 11 , 64 bit Build 22621 (10.0.22621.3958)
Time: Mon Dec  1 09:06:17 2025 W. Central Africa Standard Time elapsed time: 59.316546 seconds (0d 0h 0m 59s)

---------------  T H R E A D  ---------------

Current thread (0x0000017b625f28b0):  VMThread "VM Thread" [stack: 0x00000062db600000,0x00000062db700000] [id=7464]

Stack: [0x00000062db600000,0x00000062db700000]
Native frames: (J=compiled Java code, j=interpreted, Vv=VM code, C=native code)
V  [jvm.dll+0x678a4a]
V  [jvm.dll+0x7d9cfd]
V  [jvm.dll+0x7db60e]
V  [jvm.dll+0x7dbc73]
V  [jvm.dll+0x245e1f]
V  [jvm.dll+0x6758f9]
V  [jvm.dll+0x66a2a2]
V  [jvm.dll+0x303686]
V  [jvm.dll+0x30ac06]
V  [jvm.dll+0x35a48e]
V  [jvm.dll+0x35a6bf]
V  [jvm.dll+0x2da678]
V  [jvm.dll+0x2d8a85]
V  [jvm.dll+0x2d808c]
V  [jvm.dll+0x31b97b]
V  [jvm.dll+0x7e048b]
V  [jvm.dll+0x7e11c4]
V  [jvm.dll+0x7e16dd]
V  [jvm.dll+0x7e1ab4]
V  [jvm.dll+0x7e1b80]
V  [jvm.dll+0x78998a]
V  [jvm.dll+0x677875]
C  [ucrtbase.dll+0x29333]
C  [KERNEL32.DLL+0x1257d]
C  [ntdll.dll+0x5af08]

VM_Operation (0x00000062df8fe410): G1CollectForAllocation, mode: safepoint, requested by thread 0x0000017b718ccfa0


---------------  P R O C E S S  ---------------

Threads class SMR info:
_java_thread_list=0x0000017b7135c800, length=79, elements={
0x0000017b625f64b0, 0x0000017b625f7330, 0x0000017b6260c010, 0x0000017b6260fdf0,
0x0000017b626127c0, 0x0000017b62613bf0, 0x0000017b6261af50, 0x0000017b62625e30,
0x0000017b62615a50, 0x0000017b62615f60, 0x0000017b62616980, 0x0000017b626131d0,
0x0000017b628c4960, 0x0000017b628c3520, 0x0000017b628c16c0, 0x0000017b628c20e0,
0x0000017b628c1bd0, 0x0000017b628c0790, 0x0000017b628c25f0, 0x0000017b628bfd70,
0x0000017b628c0ca0, 0x0000017b628bda00, 0x0000017b69526e90, 0x0000017b684292f0,
0x0000017b628bdf10, 0x0000017b695273a0, 0x0000017b6ad08330, 0x0000017b6ad05fc0,
0x0000017b68699cb0, 0x0000017b697107c0, 0x0000017b6970da30, 0x0000017b6ad06ef0,
0x0000017b6ad07400, 0x0000017b68698870, 0x0000017b697102b0, 0x0000017b6ad069e0,
0x0000017b6f525b50, 0x0000017b6ad04b80, 0x0000017b6ad05090, 0x0000017b6f4effb0,
0x0000017b69710cd0, 0x0000017b6970d520, 0x0000017b6fb923b0, 0x0000017b6f524c20,
0x0000017b6fb90550, 0x0000017b6f526060, 0x0000017b6f4eeb70, 0x0000017b6f525130,
0x0000017b6ad07910, 0x0000017b6f4ecd10, 0x0000017b718ca720, 0x0000017b6f4ef080,
0x0000017b718cac30, 0x0000017b6fb90f70, 0x0000017b718cb650, 0x0000017b718cc070,
0x0000017b718ca210, 0x0000017b718c9d00, 0x0000017b718ccfa0, 0x0000017b6fc7d2d0,
0x0000017b6fb8fb30, 0x0000017b718cc580, 0x0000017b6f4edc40, 0x0000017b6f4ee150,
0x0000017b6fc7e710, 0x0000017b6f4ee660, 0x0000017b6a50f350, 0x0000017b6f0ca820,
0x0000017b6fb8f620, 0x0000017b6f0cad30, 0x0000017b6f0ca310, 0x0000017b6f0cb750,
0x0000017b6fc7cdc0, 0x0000017b6fc7f640, 0x0000017b6f0cc680, 0x0000017b6fc7fb50,
0x0000017b6a50fd70, 0x0000017b71dbc5a0, 0x0000017b6fc80060
}

Java Threads: ( => current thread )
  0x0000017b625f64b0 JavaThread "Reference Handler" daemon [_thread_blocked, id=21712, stack(0x00000062db700000,0x00000062db800000)]
  0x0000017b625f7330 JavaThread "Finalizer" daemon [_thread_blocked, id=21660, stack(0x00000062db800000,0x00000062db900000)]
  0x0000017b6260c010 JavaThread "Signal Dispatcher" daemon [_thread_blocked, id=19692, stack(0x00000062db900000,0x00000062dba00000)]
  0x0000017b6260fdf0 JavaThread "Attach Listener" daemon [_thread_blocked, id=19480, stack(0x00000062dba00000,0x00000062dbb00000)]
  0x0000017b626127c0 JavaThread "Service Thread" daemon [_thread_blocked, id=11432, stack(0x00000062dbb00000,0x00000062dbc00000)]
  0x0000017b62613bf0 JavaThread "Monitor Deflation Thread" daemon [_thread_blocked, id=14840, stack(0x00000062dbc00000,0x00000062dbd00000)]
  0x0000017b6261af50 JavaThread "C2 CompilerThread0" daemon [_thread_blocked, id=1620, stack(0x00000062dbd00000,0x00000062dbe00000)]
  0x0000017b62625e30 JavaThread "C1 CompilerThread0" daemon [_thread_blocked, id=21832, stack(0x00000062dbe00000,0x00000062dbf00000)]
  0x0000017b62615a50 JavaThread "Sweeper thread" daemon [_thread_blocked, id=21120, stack(0x00000062dbf00000,0x00000062dc000000)]
  0x0000017b62615f60 JavaThread "Notification Thread" daemon [_thread_blocked, id=20064, stack(0x00000062dc000000,0x00000062dc100000)]
  0x0000017b62616980 JavaThread "Common-Cleaner" daemon [_thread_blocked, id=18380, stack(0x00000062dc200000,0x00000062dc300000)]
  0x0000017b626131d0 JavaThread "canton-env-sched-0" [_thread_blocked, id=20728, stack(0x00000062dc700000,0x00000062dc800000)]
  0x0000017b628c4960 JavaThread "canton-actor-system-scheduler-1" [_thread_blocked, id=19708, stack(0x00000062dc800000,0x00000062dc900000)]
  0x0000017b628c3520 JavaThread "canton-actor-system-pekko.actor.internal-dispatcher-2" [_thread_blocked, id=3592, stack(0x00000062dc600000,0x00000062dc700000)]
  0x0000017b628c16c0 JavaThread "canton-actor-system-pekko.actor.internal-dispatcher-3" [_thread_blocked, id=19856, stack(0x00000062dc900000,0x00000062dca00000)]
  0x0000017b628c20e0 JavaThread "canton-actor-system-pekko.actor.internal-dispatcher-4" [_thread_blocked, id=19648, stack(0x00000062dca00000,0x00000062dcb00000)]
  0x0000017b628c1bd0 JavaThread "canton-env-ec-21" daemon [_thread_blocked, id=21080, stack(0x00000062dcb00000,0x00000062dcc00000)]
  0x0000017b628c0790 JavaThread "canton-env-ec-22" daemon [_thread_blocked, id=12900, stack(0x00000062dcc00000,0x00000062dcd00000)]
  0x0000017b628c25f0 JavaThread "canton-env-ec-23" daemon [_thread_blocked, id=88, stack(0x00000062dcd00000,0x00000062dce00000)]
  0x0000017b628bfd70 JavaThread "BatchSpanProcessor_WorkerThread-1" daemon [_thread_blocked, id=792, stack(0x00000062dcf00000,0x00000062dd000000)]
  0x0000017b628c0ca0 JavaThread "ForkJoinPool.commonPool-worker-1" daemon [_thread_blocked, id=5460, stack(0x00000062dd000000,0x00000062dd100000)]
  0x0000017b628bda00 JavaThread "canton-env-ec-27" daemon [_thread_blocked, id=2008, stack(0x00000062dd100000,0x00000062dd200000)]
  0x0000017b69526e90 JavaThread "grpc-nio-boss-ELG-1-1" daemon [_thread_in_native, id=3312, stack(0x00000062dd300000,0x00000062dd400000)]
  0x0000017b684292f0 JavaThread "canton-env-ec-29" daemon [_thread_blocked, id=5236, stack(0x00000062dd400000,0x00000062dd500000)]
  0x0000017b628bdf10 JavaThread "canton-env-ec-30" daemon [_thread_blocked, id=5632, stack(0x00000062dd500000,0x00000062dd600000)]
  0x0000017b695273a0 JavaThread "submission-tracker-timeout-timer" daemon [_thread_blocked, id=13996, stack(0x00000062dd200000,0x00000062dd300000)]
  0x0000017b6ad08330 JavaThread "grpc-nio-worker-ELG-3-1" daemon [_thread_in_native, id=17744, stack(0x00000062dd700000,0x00000062dd800000)]
  0x0000017b6ad05fc0 JavaThread "grpc-default-executor-0" daemon [_thread_blocked, id=20392, stack(0x00000062dd800000,0x00000062dd900000)]
  0x0000017b68699cb0 JavaThread "grpc-nio-worker-ELG-3-2" daemon [_thread_in_native, id=17656, stack(0x00000062dd900000,0x00000062dda00000)]
  0x0000017b697107c0 JavaThread "grpc-nio-worker-ELG-3-3" daemon [_thread_in_native, id=19988, stack(0x00000062dda00000,0x00000062ddb00000)]
  0x0000017b6970da30 JavaThread "grpc-nio-worker-ELG-3-4" daemon [_thread_in_native, id=21648, stack(0x00000062dd600000,0x00000062dd700000)]
  0x0000017b6ad06ef0 JavaThread "local-wallclock-0" [_thread_blocked, id=19668, stack(0x00000062ddd00000,0x00000062dde00000)]
  0x0000017b6ad07400 JavaThread "daml.index.db.connection.indexer housekeeper" daemon [_thread_blocked, id=9856, stack(0x00000062dde00000,0x00000062ddf00000)]
  0x0000017b68698870 JavaThread "DataSourceConnectionProvider-indexer#healthPoller" daemon [_thread_blocked, id=3284, stack(0x00000062ddf00000,0x00000062de000000)]
  0x0000017b697102b0 JavaThread "daml.index.db.threadpool.connection.indexer-0" [_thread_blocked, id=20892, stack(0x00000062de000000,0x00000062de100000)]
  0x0000017b6ad069e0 JavaThread "Timer-1" [_thread_blocked, id=8916, stack(0x00000062de200000,0x00000062de300000)]
  0x0000017b6f525b50 JavaThread "daml.index.db.threadpool.connection.indexer-1" [_thread_blocked, id=11544, stack(0x00000062de300000,0x00000062de400000)]
  0x0000017b6ad04b80 JavaThread "daml.index.db.threadpool.connection.indexer-2" [_thread_blocked, id=19704, stack(0x00000062de400000,0x00000062de500000)]
  0x0000017b6ad05090 JavaThread "daml.index.db.threadpool.connection.indexer-3" [_thread_blocked, id=16732, stack(0x00000062de500000,0x00000062de600000)]
  0x0000017b6f4effb0 JavaThread "canton-env-ec-48" daemon [_thread_blocked, id=12744, stack(0x00000062de600000,0x00000062de700000)]
  0x0000017b69710cd0 JavaThread "daml.index.db.threadpool.connection.indexer-4" [_thread_blocked, id=16996, stack(0x00000062de700000,0x00000062de800000)]
  0x0000017b6970d520 JavaThread "timer-utils" daemon [_thread_blocked, id=9512, stack(0x00000062de800000,0x00000062de900000)]
  0x0000017b6fb923b0 JavaThread "daml.index.db.connection.api-server housekeeper" daemon [_thread_blocked, id=4808, stack(0x00000062de900000,0x00000062dea00000)]
  0x0000017b6f524c20 JavaThread "DataSourceConnectionProvider-api-server#healthPoller" daemon [_thread_blocked, id=5240, stack(0x00000062dea00000,0x00000062deb00000)]
  0x0000017b6fb90550 JavaThread "input-mapping-pool-0" [_thread_blocked, id=19592, stack(0x00000062deb00000,0x00000062dec00000)]
  0x0000017b6f526060 JavaThread "batching-pool-0" [_thread_blocked, id=21744, stack(0x00000062ded00000,0x00000062dee00000)]
  0x0000017b6f4eeb70 JavaThread "daml.index.db.threadpool.connection.api-server-0" [_thread_blocked, id=17424, stack(0x00000062dee00000,0x00000062def00000)]
  0x0000017b6f525130 JavaThread "daml.index.db.threadpool.connection.indexer-5" [_thread_blocked, id=20336, stack(0x00000062def00000,0x00000062df000000)]
  0x0000017b6ad07910 JavaThread "daml.index.db.threadpool.connection.indexer-6" [_thread_blocked, id=19688, stack(0x00000062df000000,0x00000062df100000)]
  0x0000017b6f4ecd10 JavaThread "ForkJoinPool-3-worker-1" daemon [_thread_blocked, id=13164, stack(0x00000062df100000,0x00000062df200000)]
  0x0000017b718ca720 JavaThread "pool-6-thread-1" [_thread_blocked, id=21208, stack(0x00000062df200000,0x00000062df300000)]
  0x0000017b6f4ef080 JavaThread "Cleaner-0" daemon [_thread_blocked, id=21668, stack(0x00000062df400000,0x00000062df500000)]
  0x0000017b718cac30 JavaThread "daml.index.db.threadpool.connection.api-server-1" [_thread_blocked, id=19768, stack(0x00000062df300000,0x00000062df400000)]
  0x0000017b6fb90f70 JavaThread "ForkJoinPool.commonPool-worker-2" daemon [_thread_blocked, id=21980, stack(0x00000062df500000,0x00000062df600000)]
  0x0000017b718cb650 JavaThread "canton-env-ec-65" daemon [_thread_blocked, id=8032, stack(0x00000062de100000,0x00000062de200000)]
  0x0000017b718cc070 JavaThread "canton-env-ec-66" daemon [_thread_blocked, id=2956, stack(0x00000062dec00000,0x00000062ded00000)]
  0x0000017b718ca210 JavaThread "canton-env-ec-67" daemon [_thread_blocked, id=2196, stack(0x00000062df600000,0x00000062df700000)]
  0x0000017b718c9d00 JavaThread "canton-env-ec-68" daemon [_thread_blocked, id=22052, stack(0x00000062df700000,0x00000062df800000)]
  0x0000017b718ccfa0 JavaThread "canton-env-ec-69" daemon [_thread_blocked, id=20936, stack(0x00000062df800000,0x00000062df900000)]
  0x0000017b6fc7d2d0 JavaThread "canton-env-ec-70" daemon [_thread_blocked, id=19868, stack(0x00000062df900000,0x00000062dfa00000)]
  0x0000017b6fb8fb30 JavaThread "canton-env-ec-71" daemon [_thread_blocked, id=19152, stack(0x00000062dfa00000,0x00000062dfb00000)]
  0x0000017b718cc580 JavaThread "canton-env-ec-72" daemon [_thread_blocked, id=7008, stack(0x00000062dfb00000,0x00000062dfc00000)]
  0x0000017b6f4edc40 JavaThread "canton-env-ec-73" daemon [_thread_blocked, id=5760, stack(0x00000062dfc00000,0x00000062dfd00000)]
  0x0000017b6f4ee150 JavaThread "input-mapping-pool-1" [_thread_blocked, id=13324, stack(0x00000062ddc00000,0x00000062ddd00000)]
  0x0000017b6fc7e710 JavaThread "batching-pool-1" [_thread_blocked, id=18692, stack(0x00000062dfd00000,0x00000062dfe00000)]
  0x0000017b6f4ee660 JavaThread "ForkJoinPool.commonPool-worker-3" daemon [_thread_blocked, id=9332, stack(0x00000062dff00000,0x00000062e0000000)]
  0x0000017b6a50f350 JavaThread "daml.index.db.threadpool.connection.indexer-7" [_thread_blocked, id=19476, stack(0x00000062e0000000,0x00000062e0100000)]
  0x0000017b6f0ca820 JavaThread "daml.index.db.threadpool.connection.indexer-8" [_thread_blocked, id=21164, stack(0x00000062e0100000,0x00000062e0200000)]
  0x0000017b6fb8f620 JavaThread "delay-util-0" daemon [_thread_blocked, id=17832, stack(0x00000062e0200000,0x00000062e0300000)]
  0x0000017b6f0cad30 JavaThread "ForkJoinPool-4-worker-1" daemon [_thread_blocked, id=19400, stack(0x00000062e0300000,0x00000062e0400000)]
  0x0000017b6f0ca310 JavaThread "sandbox-wallclock-0" [_thread_blocked, id=20720, stack(0x00000062daf00000,0x00000062db000000)]
  0x0000017b6f0cb750 JavaThread "input-mapping-pool-2" [_thread_blocked, id=13404, stack(0x00000062e0700000,0x00000062e0800000)]
  0x0000017b6fc7cdc0 JavaThread "batching-pool-2" [_thread_blocked, id=18944, stack(0x00000062e0800000,0x00000062e0900000)]
  0x0000017b6fc7f640 JavaThread "daml.index.db.threadpool.connection.indexer-9" [_thread_blocked, id=11964, stack(0x00000062e0900000,0x00000062e0a00000)]
  0x0000017b6f0cc680 JavaThread "daml.index.db.threadpool.connection.indexer-10" [_thread_blocked, id=22252, stack(0x00000062e0a00000,0x00000062e0b00000)]
  0x0000017b6fc7fb50 JavaThread "DestroyJavaVM" [_thread_blocked, id=3988, stack(0x00000062db000000,0x00000062db100000)]
  0x0000017b6a50fd70 JavaThread "input-mapping-pool-3" [_thread_blocked, id=18808, stack(0x00000062e0600000,0x00000062e0700000)]
  0x0000017b71dbc5a0 JavaThread "C2 CompilerThread1" daemon [_thread_blocked, id=21732, stack(0x00000062e0b00000,0x00000062e0c00000)]
  0x0000017b6fc80060 JavaThread "batching-pool-3" [_thread_blocked, id=3268, stack(0x00000062e0c00000,0x00000062e0d00000)]

Other Threads:
=>0x0000017b625f28b0 VMThread "VM Thread" [stack: 0x00000062db600000,0x00000062db700000] [id=7464]
  0x0000017b44e14770 WatcherThread [stack: 0x00000062dc100000,0x00000062dc200000] [id=15124]
  0x0000017b44dfd350 GCTaskThread "GC Thread#0" [stack: 0x00000062db100000,0x00000062db200000] [id=14984]
  0x0000017b67197db0 GCTaskThread "GC Thread#1" [stack: 0x00000062dc300000,0x00000062dc400000] [id=11112]
  0x0000017b67198070 GCTaskThread "GC Thread#2" [stack: 0x00000062dc400000,0x00000062dc500000] [id=19440]
  0x0000017b67199460 GCTaskThread "GC Thread#3" [stack: 0x00000062dc500000,0x00000062dc600000] [id=16408]
  0x0000017b44e0dfa0 ConcurrentGCThread "G1 Main Marker" [stack: 0x00000062db200000,0x00000062db300000] [id=19776]
  0x0000017b44e0f150 ConcurrentGCThread "G1 Conc#0" [stack: 0x00000062db300000,0x00000062db400000] [id=18624]
  0x0000017b624b00a0 ConcurrentGCThread "G1 Refine#0" [stack: 0x00000062db400000,0x00000062db500000] [id=6520]
  0x0000017b690323b0 ConcurrentGCThread "G1 Refine#1" [stack: 0x00000062dce00000,0x00000062dcf00000] [id=13972]
  0x0000017b6fac6e50 ConcurrentGCThread "G1 Refine#2" [stack: 0x00000062dfe00000,0x00000062dff00000] [id=2536]
  0x0000017b624b0ad0 ConcurrentGCThread "G1 Service" [stack: 0x00000062db500000,0x00000062db600000] [id=18532]

Threads with active compile tasks:
C2 CompilerThread1    59414 15892       4       scala.collection.ArrayOps$::map$extension (484 bytes)

VM state: at safepoint (normal execution)

VM Mutex/Monitor currently owned by a thread:  ([mutex/lock_event])
[0x0000017b44d9fef0] Threads_lock - owner thread: 0x0000017b625f28b0
[0x0000017b44d9ed80] Heap_lock - owner thread: 0x0000017b718ccfa0

Heap address: 0x0000000081c00000, size: 2020 MB, Compressed Oops mode: 32-bit

CDS archive(s) mapped at: [0x0000017b00000000-0x0000017b00bd0000-0x0000017b00bd0000), size 12386304, SharedBaseAddress: 0x0000017b00000000, ArchiveRelocationMode: 1.
Compressed class space mapped at: 0x0000017b01000000-0x0000017b41000000, reserved size: 1073741824
Narrow klass base: 0x0000017b00000000, Narrow klass shift: 0, Narrow klass range: 0x100000000

GC Precious Log:
 CPUs: 4 total, 4 available
 Memory: 8072M
 Large Page Support: Disabled
 NUMA Support: Disabled
 Compressed Oops: Enabled (32-bit)
 Heap Region Size: 1M
 Heap Min Capacity: 8M
 Heap Initial Capacity: 128M
 Heap Max Capacity: 2020M
 Pre-touch: Disabled
 Parallel Workers: 4
 Concurrent Workers: 1
 Concurrent Refinement Workers: 4
 Periodic GC: Disabled

Heap:
 garbage-first heap   total 649216K, used 172756K [0x0000000081c00000, 0x0000000100000000)
  region size 1024K, 22 young (22528K), 22 survivors (22528K)
 Metaspace       used 179346K, committed 180160K, reserved 1245184K
  class space    used 22114K, committed 22464K, reserved 1048576K

Heap Regions: E=young(eden), S=young(survivor), O=old, HS=humongous(starts), HC=humongous(continues), CS=collection set, F=free, OA=open archive, CA=closed archive, TAMS=top-at-mark-start (previous, next)
|   0|0x0000000081c00000, 0x0000000081d00000, 0x0000000081d00000|100%| O|  |TAMS 0x0000000081d00000, 0x0000000081c00000| Untracked 
|   1|0x0000000081d00000, 0x0000000081e00000, 0x0000000081e00000|100%| O|  |TAMS 0x0000000081e00000, 0x0000000081d00000| Untracked 
|   2|0x0000000081e00000, 0x0000000081f00000, 0x0000000081f00000|100%| O|  |TAMS 0x0000000081f00000, 0x0000000081e00000| Untracked 
|   3|0x0000000081f00000, 0x0000000082000000, 0x0000000082000000|100%| O|  |TAMS 0x0000000082000000, 0x0000000081f00000| Untracked 
|   4|0x0000000082000000, 0x0000000082100000, 0x0000000082100000|100%| O|  |TAMS 0x0000000082100000, 0x0000000082000000| Untracked 
|   5|0x0000000082100000, 0x0000000082200000, 0x0000000082200000|100%| O|  |TAMS 0x0000000082200000, 0x0000000082100000| Untracked 
|   6|0x0000000082200000, 0x0000000082300000, 0x0000000082300000|100%| O|  |TAMS 0x0000000082300000, 0x0000000082200000| Untracked 
|   7|0x0000000082300000, 0x0000000082400000, 0x0000000082400000|100%| O|  |TAMS 0x0000000082400000, 0x0000000082300000| Untracked 
|   8|0x0000000082400000, 0x0000000082500000, 0x0000000082500000|100%| O|  |TAMS 0x0000000082500000, 0x0000000082400000| Untracked 
|   9|0x0000000082500000, 0x0000000082600000, 0x0000000082600000|100%| O|  |TAMS 0x0000000082600000, 0x0000000082500000| Untracked 
|  10|0x0000000082600000, 0x0000000082700000, 0x0000000082700000|100%| O|  |TAMS 0x0000000082700000, 0x0000000082600000| Untracked 
|  11|0x0000000082700000, 0x0000000082800000, 0x0000000082800000|100%| O|  |TAMS 0x0000000082800000, 0x0000000082700000| Untracked 
|  12|0x0000000082800000, 0x0000000082900000, 0x0000000082900000|100%|HS|  |TAMS 0x0000000082900000, 0x0000000082800000| Complete 
|  13|0x0000000082900000, 0x0000000082a00000, 0x0000000082a00000|100%|HC|  |TAMS 0x0000000082a00000, 0x0000000082900000| Complete 
|  14|0x0000000082a00000, 0x0000000082b00000, 0x0000000082b00000|100%|HC|  |TAMS 0x0000000082b00000, 0x0000000082a00000| Complete 
|  15|0x0000000082b00000, 0x0000000082c00000, 0x0000000082c00000|100%|HC|  |TAMS 0x0000000082c00000, 0x0000000082b00000| Complete 
|  16|0x0000000082c00000, 0x0000000082d00000, 0x0000000082d00000|100%|HC|  |TAMS 0x0000000082d00000, 0x0000000082c00000| Complete 
|  17|0x0000000082d00000, 0x0000000082e00000, 0x0000000082e00000|100%|HC|  |TAMS 0x0000000082e00000, 0x0000000082d00000| Complete 
|  18|0x0000000082e00000, 0x0000000082f00000, 0x0000000082f00000|100%|HC|  |TAMS 0x0000000082f00000, 0x0000000082e00000| Complete 
|  19|0x0000000082f00000, 0x0000000083000000, 0x0000000083000000|100%|HC|  |TAMS 0x0000000083000000, 0x0000000082f00000| Complete 
|  20|0x0000000083000000, 0x0000000083100000, 0x0000000083100000|100%|HC|  |TAMS 0x0000000083100000, 0x0000000083000000| Complete 
|  21|0x0000000083100000, 0x0000000083200000, 0x0000000083200000|100%|HC|  |TAMS 0x0000000083200000, 0x0000000083100000| Complete 
|  22|0x0000000083200000, 0x0000000083300000, 0x0000000083300000|100%|HS|  |TAMS 0x0000000083300000, 0x0000000083200000| Complete 
|  23|0x0000000083300000, 0x0000000083400000, 0x0000000083400000|100%|HC|  |TAMS 0x0000000083400000, 0x0000000083300000| Complete 
|  24|0x0000000083400000, 0x0000000083500000, 0x0000000083500000|100%| O|  |TAMS 0x0000000083500000, 0x0000000083400000| Untracked 
|  25|0x0000000083500000, 0x0000000083600000, 0x0000000083600000|100%| O|  |TAMS 0x0000000083600000, 0x0000000083500000| Untracked 
|  26|0x0000000083600000, 0x0000000083700000, 0x0000000083700000|100%| O|  |TAMS 0x0000000083700000, 0x0000000083600000| Untracked 
|  27|0x0000000083700000, 0x0000000083800000, 0x0000000083800000|100%| O|  |TAMS 0x0000000083800000, 0x0000000083700000| Untracked 
|  28|0x0000000083800000, 0x0000000083900000, 0x0000000083900000|100%| O|  |TAMS 0x0000000083900000, 0x0000000083800000| Untracked 
|  29|0x0000000083900000, 0x0000000083a00000, 0x0000000083a00000|100%| O|  |TAMS 0x0000000083a00000, 0x0000000083900000| Untracked 
|  30|0x0000000083a00000, 0x0000000083b00000, 0x0000000083b00000|100%| O|  |TAMS 0x0000000083b00000, 0x0000000083a00000| Untracked 
|  31|0x0000000083b00000, 0x0000000083c00000, 0x0000000083c00000|100%| O|  |TAMS 0x0000000083c00000, 0x0000000083b00000| Untracked 
|  32|0x0000000083c00000, 0x0000000083d00000, 0x0000000083d00000|100%| O|  |TAMS 0x0000000083d00000, 0x0000000083c00000| Untracked 
|  33|0x0000000083d00000, 0x0000000083e00000, 0x0000000083e00000|100%| O|  |TAMS 0x0000000083e00000, 0x0000000083d00000| Untracked 
|  34|0x0000000083e00000, 0x0000000083f00000, 0x0000000083f00000|100%| O|  |TAMS 0x0000000083f00000, 0x0000000083e00000| Untracked 
|  35|0x0000000083f00000, 0x0000000084000000, 0x0000000084000000|100%| O|  |TAMS 0x0000000084000000, 0x0000000083f00000| Untracked 
|  36|0x0000000084000000, 0x0000000084100000, 0x0000000084100000|100%| O|  |TAMS 0x0000000084100000, 0x0000000084000000| Untracked 
|  37|0x0000000084100000, 0x0000000084200000, 0x0000000084200000|100%| O|  |TAMS 0x0000000084200000, 0x0000000084100000| Untracked 
|  38|0x0000000084200000, 0x0000000084300000, 0x0000000084300000|100%| O|  |TAMS 0x0000000084300000, 0x0000000084200000| Untracked 
|  39|0x0000000084300000, 0x0000000084400000, 0x0000000084400000|100%| O|  |TAMS 0x0000000084400000, 0x0000000084300000| Untracked 
|  40|0x0000000084400000, 0x0000000084500000, 0x0000000084500000|100%| O|  |TAMS 0x0000000084500000, 0x0000000084400000| Untracked 
|  41|0x0000000084500000, 0x0000000084600000, 0x0000000084600000|100%| O|  |TAMS 0x0000000084600000, 0x0000000084500000| Untracked 
|  42|0x0000000084600000, 0x0000000084700000, 0x0000000084700000|100%| O|  |TAMS 0x0000000084700000, 0x0000000084600000| Untracked 
|  43|0x0000000084700000, 0x0000000084800000, 0x0000000084800000|100%| O|  |TAMS 0x0000000084800000, 0x0000000084700000| Untracked 
|  44|0x0000000084800000, 0x0000000084900000, 0x0000000084900000|100%| O|  |TAMS 0x0000000084900000, 0x0000000084800000| Untracked 
|  45|0x0000000084900000, 0x0000000084a00000, 0x0000000084a00000|100%| O|  |TAMS 0x0000000084a00000, 0x0000000084900000| Untracked 
|  46|0x0000000084a00000, 0x0000000084b00000, 0x0000000084b00000|100%| O|  |TAMS 0x0000000084b00000, 0x0000000084a00000| Untracked 
|  47|0x0000000084b00000, 0x0000000084c00000, 0x0000000084c00000|100%| O|  |TAMS 0x0000000084c00000, 0x0000000084b00000| Untracked 
|  48|0x0000000084c00000, 0x0000000084d00000, 0x0000000084d00000|100%| O|  |TAMS 0x0000000084d00000, 0x0000000084c00000| Untracked 
|  49|0x0000000084d00000, 0x0000000084e00000, 0x0000000084e00000|100%| O|  |TAMS 0x0000000084e00000, 0x0000000084d00000| Untracked 
|  50|0x0000000084e00000, 0x0000000084f00000, 0x0000000084f00000|100%| O|  |TAMS 0x0000000084f00000, 0x0000000084e00000| Untracked 
|  51|0x0000000084f00000, 0x0000000085000000, 0x0000000085000000|100%| O|  |TAMS 0x0000000085000000, 0x0000000084f00000| Untracked 
|  52|0x0000000085000000, 0x0000000085100000, 0x0000000085100000|100%| O|  |TAMS 0x0000000085100000, 0x0000000085000000| Untracked 
|  53|0x0000000085100000, 0x0000000085200000, 0x0000000085200000|100%| O|  |TAMS 0x0000000085200000, 0x0000000085100000| Untracked 
|  54|0x0000000085200000, 0x0000000085300000, 0x0000000085300000|100%| O|  |TAMS 0x0000000085300000, 0x0000000085200000| Untracked 
|  55|0x0000000085300000, 0x0000000085400000, 0x0000000085400000|100%| O|  |TAMS 0x0000000085300000, 0x0000000085300000| Untracked 
|  56|0x0000000085400000, 0x0000000085500000, 0x0000000085500000|100%| O|  |TAMS 0x0000000085400000, 0x0000000085400000| Untracked 
|  57|0x0000000085500000, 0x0000000085600000, 0x0000000085600000|100%| O|  |TAMS 0x0000000085500000, 0x0000000085500000| Untracked 
|  58|0x0000000085600000, 0x0000000085700000, 0x0000000085700000|100%| O|  |TAMS 0x0000000085700000, 0x0000000085600000| Untracked 
|  59|0x0000000085700000, 0x0000000085800000, 0x0000000085800000|100%| O|  |TAMS 0x0000000085800000, 0x0000000085700000| Untracked 
|  60|0x0000000085800000, 0x0000000085900000, 0x0000000085900000|100%| O|  |TAMS 0x0000000085800000, 0x0000000085800000| Untracked 
|  61|0x0000000085900000, 0x0000000085a00000, 0x0000000085a00000|100%| O|  |TAMS 0x0000000085a00000, 0x0000000085900000| Untracked 
|  62|0x0000000085a00000, 0x0000000085b00000, 0x0000000085b00000|100%| O|  |TAMS 0x0000000085b00000, 0x0000000085a00000| Untracked 
|  63|0x0000000085b00000, 0x0000000085c00000, 0x0000000085c00000|100%|HS|  |TAMS 0x0000000085c00000, 0x0000000085b00000| Complete 
|  64|0x0000000085c00000, 0x0000000085d00000, 0x0000000085d00000|100%| O|  |TAMS 0x0000000085d00000, 0x0000000085c00000| Untracked 
|  65|0x0000000085d00000, 0x0000000085e00000, 0x0000000085e00000|100%| O|  |TAMS 0x0000000085e00000, 0x0000000085d00000| Untracked 
|  66|0x0000000085e00000, 0x0000000085f00000, 0x0000000085f00000|100%| O|  |TAMS 0x0000000085f00000, 0x0000000085e00000| Untracked 
|  67|0x0000000085f00000, 0x0000000086000000, 0x0000000086000000|100%| O|  |TAMS 0x0000000086000000, 0x0000000085f00000| Untracked 
|  68|0x0000000086000000, 0x0000000086100000, 0x0000000086100000|100%| O|  |TAMS 0x0000000086100000, 0x0000000086000000| Untracked 
|  69|0x0000000086100000, 0x0000000086200000, 0x0000000086200000|100%| O|  |TAMS 0x0000000086200000, 0x0000000086100000| Untracked 
|  70|0x0000000086200000, 0x0000000086300000, 0x0000000086300000|100%| O|  |TAMS 0x0000000086200000, 0x0000000086200000| Untracked 
|  71|0x0000000086300000, 0x0000000086400000, 0x0000000086400000|100%| O|  |TAMS 0x0000000086300000, 0x0000000086300000| Untracked 
|  72|0x0000000086400000, 0x0000000086500000, 0x0000000086500000|100%| O|  |TAMS 0x0000000086400000, 0x0000000086400000| Untracked 
|  73|0x0000000086500000, 0x0000000086600000, 0x0000000086600000|100%|HS|  |TAMS 0x0000000086600000, 0x0000000086500000| Complete 
|  74|0x0000000086600000, 0x0000000086700000, 0x0000000086700000|100%| O|  |TAMS 0x0000000086600000, 0x0000000086600000| Untracked 
|  75|0x0000000086700000, 0x0000000086800000, 0x0000000086800000|100%| O|  |TAMS 0x0000000086700000, 0x0000000086700000| Untracked 
|  76|0x0000000086800000, 0x0000000086900000, 0x0000000086900000|100%| O|  |TAMS 0x0000000086800000, 0x0000000086800000| Untracked 
|  77|0x0000000086900000, 0x0000000086a00000, 0x0000000086a00000|100%| O|  |TAMS 0x0000000086900000, 0x0000000086900000| Untracked 
|  78|0x0000000086a00000, 0x0000000086b00000, 0x0000000086b00000|100%| O|  |TAMS 0x0000000086a00000, 0x0000000086a00000| Untracked 
|  79|0x0000000086b00000, 0x0000000086c00000, 0x0000000086c00000|100%| O|  |TAMS 0x0000000086b00000, 0x0000000086b00000| Untracked 
|  80|0x0000000086c00000, 0x0000000086cb5200, 0x0000000086d00000| 70%| O|  |TAMS 0x0000000086c00000, 0x0000000086c00000| Untracked 
|  81|0x0000000086d00000, 0x0000000086d00000, 0x0000000086e00000|  0%| F|  |TAMS 0x0000000086d00000, 0x0000000086d00000| Untracked 
|  82|0x0000000086e00000, 0x0000000086f00000, 0x0000000086f00000|100%| O|  |TAMS 0x0000000086e00000, 0x0000000086e00000| Untracked 
|  83|0x0000000086f00000, 0x0000000087000000, 0x0000000087000000|100%| O|  |TAMS 0x0000000086f00000, 0x0000000086f00000| Untracked 
|  84|0x0000000087000000, 0x0000000087000000, 0x0000000087100000|  0%| F|  |TAMS 0x0000000087000000, 0x0000000087000000| Untracked 
|  85|0x0000000087100000, 0x0000000087200000, 0x0000000087200000|100%| O|  |TAMS 0x0000000087100000, 0x0000000087100000| Untracked 
|  86|0x0000000087200000, 0x0000000087300000, 0x0000000087300000|100%| O|  |TAMS 0x0000000087200000, 0x0000000087200000| Untracked 
|  87|0x0000000087300000, 0x0000000087300000, 0x0000000087400000|  0%| F|  |TAMS 0x0000000087300000, 0x0000000087300000| Untracked 
|  88|0x0000000087400000, 0x0000000087500000, 0x0000000087500000|100%| O|  |TAMS 0x0000000087500000, 0x0000000087400000| Untracked 
|  89|0x0000000087500000, 0x0000000087500000, 0x0000000087600000|  0%| F|  |TAMS 0x0000000087500000, 0x0000000087500000| Untracked 
|  90|0x0000000087600000, 0x0000000087700000, 0x0000000087700000|100%| O|  |TAMS 0x0000000087600000, 0x0000000087600000| Untracked 
|  91|0x0000000087700000, 0x0000000087800000, 0x0000000087800000|100%| O|  |TAMS 0x0000000087700000, 0x0000000087700000| Untracked 
|  92|0x0000000087800000, 0x0000000087900000, 0x0000000087900000|100%| O|  |TAMS 0x0000000087800000, 0x0000000087800000| Untracked 
|  93|0x0000000087900000, 0x0000000087a00000, 0x0000000087a00000|100%| O|  |TAMS 0x0000000087900000, 0x0000000087900000| Untracked 
|  94|0x0000000087a00000, 0x0000000087a00000, 0x0000000087b00000|  0%| F|  |TAMS 0x0000000087a00000, 0x0000000087a00000| Untracked 
|  95|0x0000000087b00000, 0x0000000087c00000, 0x0000000087c00000|100%| O|  |TAMS 0x0000000087b00000, 0x0000000087b00000| Untracked 
|  96|0x0000000087c00000, 0x0000000087d00000, 0x0000000087d00000|100%| O|  |TAMS 0x0000000087c00000, 0x0000000087c00000| Untracked 
|  97|0x0000000087d00000, 0x0000000087e00000, 0x0000000087e00000|100%| O|  |TAMS 0x0000000087d00000, 0x0000000087d00000| Untracked 
|  98|0x0000000087e00000, 0x0000000087f00000, 0x0000000087f00000|100%| O|  |TAMS 0x0000000087f00000, 0x0000000087e00000| Untracked 
|  99|0x0000000087f00000, 0x0000000088000000, 0x0000000088000000|100%| O|  |TAMS 0x0000000087f00000, 0x0000000087f00000| Untracked 
| 100|0x0000000088000000, 0x0000000088100000, 0x0000000088100000|100%| O|  |TAMS 0x0000000088000000, 0x0000000088000000| Untracked 
| 101|0x0000000088100000, 0x0000000088200000, 0x0000000088200000|100%| O|  |TAMS 0x0000000088200000, 0x0000000088100000| Untracked 
| 102|0x0000000088200000, 0x0000000088300000, 0x0000000088300000|100%| O|  |TAMS 0x0000000088200000, 0x0000000088200000| Untracked 
| 103|0x0000000088300000, 0x0000000088400000, 0x0000000088400000|100%| O|  |TAMS 0x0000000088400000, 0x0000000088300000| Untracked 
| 104|0x0000000088400000, 0x0000000088500000, 0x0000000088500000|100%| O|  |TAMS 0x0000000088500000, 0x0000000088400000| Untracked 
| 105|0x0000000088500000, 0x0000000088600000, 0x0000000088600000|100%| O|  |TAMS 0x0000000088500000, 0x0000000088500000| Untracked 
| 106|0x0000000088600000, 0x0000000088700000, 0x0000000088700000|100%| O|  |TAMS 0x0000000088600000, 0x0000000088600000| Untracked 
| 107|0x0000000088700000, 0x0000000088800000, 0x0000000088800000|100%| O|  |TAMS 0x0000000088700000, 0x0000000088700000| Untracked 
| 108|0x0000000088800000, 0x0000000088900000, 0x0000000088900000|100%| O|  |TAMS 0x0000000088800000, 0x0000000088800000| Untracked 
| 109|0x0000000088900000, 0x0000000088a00000, 0x0000000088a00000|100%| O|  |TAMS 0x0000000088a00000, 0x0000000088900000| Untracked 
| 110|0x0000000088a00000, 0x0000000088b00000, 0x0000000088b00000|100%| O|  |TAMS 0x0000000088a00000, 0x0000000088a00000| Untracked 
| 111|0x0000000088b00000, 0x0000000088c00000, 0x0000000088c00000|100%| O|  |TAMS 0x0000000088b00000, 0x0000000088b00000| Untracked 
| 112|0x0000000088c00000, 0x0000000088c00000, 0x0000000088d00000|  0%| F|  |TAMS 0x0000000088c00000, 0x0000000088c00000| Untracked 
| 113|0x0000000088d00000, 0x0000000088e00000, 0x0000000088e00000|100%| O|  |TAMS 0x0000000088d00000, 0x0000000088d00000| Untracked 
| 114|0x0000000088e00000, 0x0000000088e00000, 0x0000000088f00000|  0%| F|  |TAMS 0x0000000088e00000, 0x0000000088e00000| Untracked 
| 115|0x0000000088f00000, 0x0000000088f00000, 0x0000000089000000|  0%| F|  |TAMS 0x0000000088f00000, 0x0000000088f00000| Untracked 
| 116|0x0000000089000000, 0x0000000089000000, 0x0000000089100000|  0%| F|  |TAMS 0x0000000089000000, 0x0000000089000000| Untracked 
| 117|0x0000000089100000, 0x0000000089100000, 0x0000000089200000|  0%| F|  |TAMS 0x0000000089100000, 0x0000000089100000| Untracked 
| 118|0x0000000089200000, 0x0000000089200000, 0x0000000089300000|  0%| F|  |TAMS 0x0000000089200000, 0x0000000089200000| Untracked 
| 119|0x0000000089300000, 0x0000000089300000, 0x0000000089400000|  0%| F|  |TAMS 0x0000000089300000, 0x0000000089300000| Untracked 
| 120|0x0000000089400000, 0x0000000089400000, 0x0000000089500000|  0%| F|  |TAMS 0x0000000089400000, 0x0000000089400000| Untracked 
| 121|0x0000000089500000, 0x0000000089500000, 0x0000000089600000|  0%| F|  |TAMS 0x0000000089500000, 0x0000000089500000| Untracked 
| 122|0x0000000089600000, 0x0000000089600000, 0x0000000089700000|  0%| F|  |TAMS 0x0000000089600000, 0x0000000089600000| Untracked 
| 123|0x0000000089700000, 0x0000000089700000, 0x0000000089800000|  0%| F|  |TAMS 0x0000000089700000, 0x0000000089700000| Untracked 
| 124|0x0000000089800000, 0x0000000089800000, 0x0000000089900000|  0%| F|  |TAMS 0x0000000089800000, 0x0000000089800000| Untracked 
| 125|0x0000000089900000, 0x0000000089900000, 0x0000000089a00000|  0%| F|  |TAMS 0x0000000089900000, 0x0000000089900000| Untracked 
| 126|0x0000000089a00000, 0x0000000089a00000, 0x0000000089b00000|  0%| F|  |TAMS 0x0000000089a00000, 0x0000000089a00000| Untracked 
| 127|0x0000000089b00000, 0x0000000089b00000, 0x0000000089c00000|  0%| F|  |TAMS 0x0000000089b00000, 0x0000000089b00000| Untracked 
| 128|0x0000000089c00000, 0x0000000089c00000, 0x0000000089d00000|  0%| F|  |TAMS 0x0000000089c00000, 0x0000000089c00000| Untracked 
| 129|0x0000000089d00000, 0x0000000089e00000, 0x0000000089e00000|100%| O|  |TAMS 0x0000000089e00000, 0x0000000089d00000| Untracked 
| 130|0x0000000089e00000, 0x0000000089f00000, 0x0000000089f00000|100%| O|  |TAMS 0x0000000089f00000, 0x0000000089e00000| Untracked 
| 131|0x0000000089f00000, 0x000000008a000000, 0x000000008a000000|100%| O|  |TAMS 0x000000008a000000, 0x0000000089f00000| Untracked 
| 132|0x000000008a000000, 0x000000008a100000, 0x000000008a100000|100%| O|  |TAMS 0x000000008a100000, 0x000000008a000000| Untracked 
| 133|0x000000008a100000, 0x000000008a200000, 0x000000008a200000|100%| O|  |TAMS 0x000000008a200000, 0x000000008a100000| Untracked 
| 134|0x000000008a200000, 0x000000008a300000, 0x000000008a300000|100%| O|  |TAMS 0x000000008a300000, 0x000000008a200000| Untracked 
| 135|0x000000008a300000, 0x000000008a400000, 0x000000008a400000|100%| O|  |TAMS 0x000000008a400000, 0x000000008a300000| Untracked 
| 136|0x000000008a400000, 0x000000008a400000, 0x000000008a500000|  0%| F|  |TAMS 0x000000008a400000, 0x000000008a400000| Untracked 
| 137|0x000000008a500000, 0x000000008a600000, 0x000000008a600000|100%| O|  |TAMS 0x000000008a600000, 0x000000008a500000| Untracked 
| 138|0x000000008a600000, 0x000000008a700000, 0x000000008a700000|100%| O|  |TAMS 0x000000008a700000, 0x000000008a600000| Untracked 
| 139|0x000000008a700000, 0x000000008a700000, 0x000000008a800000|  0%| F|  |TAMS 0x000000008a700000, 0x000000008a700000| Untracked 
| 140|0x000000008a800000, 0x000000008a800000, 0x000000008a900000|  0%| F|  |TAMS 0x000000008a800000, 0x000000008a800000| Untracked 
| 141|0x000000008a900000, 0x000000008aa00000, 0x000000008aa00000|100%| O|  |TAMS 0x000000008aa00000, 0x000000008a900000| Untracked 
| 142|0x000000008aa00000, 0x000000008ab00000, 0x000000008ab00000|100%| O|  |TAMS 0x000000008ab00000, 0x000000008aa00000| Untracked 
| 143|0x000000008ab00000, 0x000000008ac00000, 0x000000008ac00000|100%| O|  |TAMS 0x000000008ac00000, 0x000000008ab00000| Untracked 
| 144|0x000000008ac00000, 0x000000008ad00000, 0x000000008ad00000|100%| O|  |TAMS 0x000000008ad00000, 0x000000008ac00000| Untracked 
| 145|0x000000008ad00000, 0x000000008ad00000, 0x000000008ae00000|  0%| F|  |TAMS 0x000000008ad00000, 0x000000008ad00000| Untracked 
| 146|0x000000008ae00000, 0x000000008ae00000, 0x000000008af00000|  0%| F|  |TAMS 0x000000008ae00000, 0x000000008ae00000| Untracked 
| 147|0x000000008af00000, 0x000000008af00000, 0x000000008b000000|  0%| F|  |TAMS 0x000000008af00000, 0x000000008af00000| Untracked 
| 148|0x000000008b000000, 0x000000008b000000, 0x000000008b100000|  0%| F|  |TAMS 0x000000008b000000, 0x000000008b000000| Untracked 
| 149|0x000000008b100000, 0x000000008b100000, 0x000000008b200000|  0%| F|  |TAMS 0x000000008b100000, 0x000000008b100000| Untracked 
| 150|0x000000008b200000, 0x000000008b200000, 0x000000008b300000|  0%| F|  |TAMS 0x000000008b200000, 0x000000008b200000| Untracked 
| 151|0x000000008b300000, 0x000000008b300000, 0x000000008b400000|  0%| F|  |TAMS 0x000000008b300000, 0x000000008b300000| Untracked 
| 152|0x000000008b400000, 0x000000008b400000, 0x000000008b500000|  0%| F|  |TAMS 0x000000008b400000, 0x000000008b400000| Untracked 
| 153|0x000000008b500000, 0x000000008b500000, 0x000000008b600000|  0%| F|  |TAMS 0x000000008b500000, 0x000000008b500000| Untracked 
| 154|0x000000008b600000, 0x000000008b600000, 0x000000008b700000|  0%| F|  |TAMS 0x000000008b600000, 0x000000008b600000| Untracked 
| 155|0x000000008b700000, 0x000000008b700000, 0x000000008b800000|  0%| F|  |TAMS 0x000000008b700000, 0x000000008b700000| Untracked 
| 156|0x000000008b800000, 0x000000008b900000, 0x000000008b900000|100%| O|  |TAMS 0x000000008b900000, 0x000000008b800000| Untracked 
| 157|0x000000008b900000, 0x000000008ba00000, 0x000000008ba00000|100%| O|  |TAMS 0x000000008ba00000, 0x000000008b900000| Untracked 
| 158|0x000000008ba00000, 0x000000008bb00000, 0x000000008bb00000|100%| O|  |TAMS 0x000000008bb00000, 0x000000008ba00000| Untracked 
| 159|0x000000008bb00000, 0x000000008bc00000, 0x000000008bc00000|100%| O|  |TAMS 0x000000008bc00000, 0x000000008bb00000| Untracked 
| 160|0x000000008bc00000, 0x000000008bd00000, 0x000000008bd00000|100%| O|  |TAMS 0x000000008bd00000, 0x000000008bc00000| Untracked 
| 161|0x000000008bd00000, 0x000000008be00000, 0x000000008be00000|100%| O|  |TAMS 0x000000008be00000, 0x000000008bd00000| Untracked 
| 162|0x000000008be00000, 0x000000008be00000, 0x000000008bf00000|  0%| F|  |TAMS 0x000000008be00000, 0x000000008be00000| Untracked 
| 163|0x000000008bf00000, 0x000000008bf00000, 0x000000008c000000|  0%| F|  |TAMS 0x000000008bf00000, 0x000000008bf00000| Untracked 
| 164|0x000000008c000000, 0x000000008c000000, 0x000000008c100000|  0%| F|  |TAMS 0x000000008c000000, 0x000000008c000000| Untracked 
| 165|0x000000008c100000, 0x000000008c100000, 0x000000008c200000|  0%| F|  |TAMS 0x000000008c100000, 0x000000008c100000| Untracked 
| 166|0x000000008c200000, 0x000000008c200000, 0x000000008c300000|  0%| F|  |TAMS 0x000000008c200000, 0x000000008c200000| Untracked 
| 167|0x000000008c300000, 0x000000008c400000, 0x000000008c400000|100%| O|  |TAMS 0x000000008c400000, 0x000000008c300000| Untracked 
| 168|0x000000008c400000, 0x000000008c500000, 0x000000008c500000|100%| O|  |TAMS 0x000000008c500000, 0x000000008c400000| Untracked 
| 169|0x000000008c500000, 0x000000008c500000, 0x000000008c600000|  0%| F|  |TAMS 0x000000008c500000, 0x000000008c500000| Untracked 
| 170|0x000000008c600000, 0x000000008c600000, 0x000000008c700000|  0%| F|  |TAMS 0x000000008c600000, 0x000000008c600000| Untracked 
| 171|0x000000008c700000, 0x000000008c700000, 0x000000008c800000|  0%| F|  |TAMS 0x000000008c700000, 0x000000008c700000| Untracked 
| 172|0x000000008c800000, 0x000000008c900000, 0x000000008c900000|100%| O|  |TAMS 0x000000008c900000, 0x000000008c800000| Untracked 
| 173|0x000000008c900000, 0x000000008c900000, 0x000000008ca00000|  0%| F|  |TAMS 0x000000008c900000, 0x000000008c900000| Untracked 
| 174|0x000000008ca00000, 0x000000008ca00000, 0x000000008cb00000|  0%| F|  |TAMS 0x000000008ca00000, 0x000000008ca00000| Untracked 
| 175|0x000000008cb00000, 0x000000008cc00000, 0x000000008cc00000|100%| O|  |TAMS 0x000000008cc00000, 0x000000008cb00000| Untracked 
| 176|0x000000008cc00000, 0x000000008cd00000, 0x000000008cd00000|100%| O|  |TAMS 0x000000008cd00000, 0x000000008cc00000| Untracked 
| 177|0x000000008cd00000, 0x000000008ce00000, 0x000000008ce00000|100%| O|  |TAMS 0x000000008ce00000, 0x000000008cd00000| Untracked 
| 178|0x000000008ce00000, 0x000000008cf00000, 0x000000008cf00000|100%| O|  |TAMS 0x000000008cf00000, 0x000000008ce00000| Untracked 
| 179|0x000000008cf00000, 0x000000008d000000, 0x000000008d000000|100%| O|  |TAMS 0x000000008d000000, 0x000000008cf00000| Untracked 
| 180|0x000000008d000000, 0x000000008d100000, 0x000000008d100000|100%| O|  |TAMS 0x000000008d100000, 0x000000008d000000| Untracked 
| 181|0x000000008d100000, 0x000000008d200000, 0x000000008d200000|100%| O|  |TAMS 0x000000008d200000, 0x000000008d100000| Untracked 
| 182|0x000000008d200000, 0x000000008d300000, 0x000000008d300000|100%| O|  |TAMS 0x000000008d300000, 0x000000008d200000| Untracked 
| 183|0x000000008d300000, 0x000000008d400000, 0x000000008d400000|100%| O|  |TAMS 0x000000008d400000, 0x000000008d300000| Untracked 
| 184|0x000000008d400000, 0x000000008d500000, 0x000000008d500000|100%| O|  |TAMS 0x000000008d500000, 0x000000008d400000| Untracked 
| 185|0x000000008d500000, 0x000000008d600000, 0x000000008d600000|100%| O|  |TAMS 0x000000008d500000, 0x000000008d500000| Untracked 
| 186|0x000000008d600000, 0x000000008d700000, 0x000000008d700000|100%| O|  |TAMS 0x000000008d600000, 0x000000008d600000| Untracked 
| 187|0x000000008d700000, 0x000000008d800000, 0x000000008d800000|100%| O|  |TAMS 0x000000008d700000, 0x000000008d700000| Untracked 
| 188|0x000000008d800000, 0x000000008d900000, 0x000000008d900000|100%| O|  |TAMS 0x000000008d800000, 0x000000008d800000| Untracked 
| 189|0x000000008d900000, 0x000000008da00000, 0x000000008da00000|100%| O|  |TAMS 0x000000008d900000, 0x000000008d900000| Untracked 
| 190|0x000000008da00000, 0x000000008db00000, 0x000000008db00000|100%| O|  |TAMS 0x000000008da00000, 0x000000008da00000| Untracked 
| 191|0x000000008db00000, 0x000000008dc00000, 0x000000008dc00000|100%| O|  |TAMS 0x000000008db00000, 0x000000008db00000| Untracked 
| 192|0x000000008dc00000, 0x000000008dc00000, 0x000000008dd00000|  0%| F|  |TAMS 0x000000008dc00000, 0x000000008dc00000| Untracked 
| 193|0x000000008dd00000, 0x000000008dd00000, 0x000000008de00000|  0%| F|  |TAMS 0x000000008dd00000, 0x000000008dd00000| Untracked 
| 194|0x000000008de00000, 0x000000008de00000, 0x000000008df00000|  0%| F|  |TAMS 0x000000008de00000, 0x000000008de00000| Untracked 
| 195|0x000000008df00000, 0x000000008df00000, 0x000000008e000000|  0%| F|  |TAMS 0x000000008df00000, 0x000000008df00000| Untracked 
| 196|0x000000008e000000, 0x000000008e000000, 0x000000008e100000|  0%| F|  |TAMS 0x000000008e000000, 0x000000008e000000| Untracked 
| 197|0x000000008e100000, 0x000000008e100000, 0x000000008e200000|  0%| F|  |TAMS 0x000000008e100000, 0x000000008e100000| Untracked 
| 198|0x000000008e200000, 0x000000008e200000, 0x000000008e300000|  0%| F|  |TAMS 0x000000008e200000, 0x000000008e200000| Untracked 
| 199|0x000000008e300000, 0x000000008e300000, 0x000000008e400000|  0%| F|  |TAMS 0x000000008e300000, 0x000000008e300000| Untracked 
| 200|0x000000008e400000, 0x000000008e400000, 0x000000008e500000|  0%| F|  |TAMS 0x000000008e400000, 0x000000008e400000| Untracked 
| 201|0x000000008e500000, 0x000000008e500000, 0x000000008e600000|  0%| F|  |TAMS 0x000000008e500000, 0x000000008e500000| Untracked 
| 202|0x000000008e600000, 0x000000008e600000, 0x000000008e700000|  0%| F|  |TAMS 0x000000008e600000, 0x000000008e600000| Untracked 
| 203|0x000000008e700000, 0x000000008e700000, 0x000000008e800000|  0%| F|  |TAMS 0x000000008e700000, 0x000000008e700000| Untracked 
| 204|0x000000008e800000, 0x000000008e800000, 0x000000008e900000|  0%| F|  |TAMS 0x000000008e800000, 0x000000008e800000| Untracked 
| 205|0x000000008e900000, 0x000000008e900000, 0x000000008ea00000|  0%| F|  |TAMS 0x000000008e900000, 0x000000008e900000| Untracked 
| 206|0x000000008ea00000, 0x000000008ea00000, 0x000000008eb00000|  0%| F|  |TAMS 0x000000008ea00000, 0x000000008ea00000| Untracked 
| 207|0x000000008eb00000, 0x000000008eb00000, 0x000000008ec00000|  0%| F|  |TAMS 0x000000008eb00000, 0x000000008eb00000| Untracked 
| 208|0x000000008ec00000, 0x000000008ec00000, 0x000000008ed00000|  0%| F|  |TAMS 0x000000008ec00000, 0x000000008ec00000| Untracked 
| 209|0x000000008ed00000, 0x000000008ed00000, 0x000000008ee00000|  0%| F|  |TAMS 0x000000008ed00000, 0x000000008ed00000| Untracked 
| 210|0x000000008ee00000, 0x000000008ee00000, 0x000000008ef00000|  0%| F|  |TAMS 0x000000008ee00000, 0x000000008ee00000| Untracked 
| 211|0x000000008ef00000, 0x000000008ef00000, 0x000000008f000000|  0%| F|  |TAMS 0x000000008ef00000, 0x000000008ef00000| Untracked 
| 212|0x000000008f000000, 0x000000008f000000, 0x000000008f100000|  0%| F|  |TAMS 0x000000008f000000, 0x000000008f000000| Untracked 
| 213|0x000000008f100000, 0x000000008f100000, 0x000000008f200000|  0%| F|  |TAMS 0x000000008f100000, 0x000000008f100000| Untracked 
| 214|0x000000008f200000, 0x000000008f200000, 0x000000008f300000|  0%| F|  |TAMS 0x000000008f200000, 0x000000008f200000| Untracked 
| 215|0x000000008f300000, 0x000000008f300000, 0x000000008f400000|  0%| F|  |TAMS 0x000000008f300000, 0x000000008f300000| Untracked 
| 216|0x000000008f400000, 0x000000008f400000, 0x000000008f500000|  0%| F|  |TAMS 0x000000008f400000, 0x000000008f400000| Untracked 
| 217|0x000000008f500000, 0x000000008f500000, 0x000000008f600000|  0%| F|  |TAMS 0x000000008f500000, 0x000000008f500000| Untracked 
| 218|0x000000008f600000, 0x000000008f600000, 0x000000008f700000|  0%| F|  |TAMS 0x000000008f600000, 0x000000008f600000| Untracked 
| 219|0x000000008f700000, 0x000000008f700000, 0x000000008f800000|  0%| F|  |TAMS 0x000000008f700000, 0x000000008f700000| Untracked 
| 220|0x000000008f800000, 0x000000008f800000, 0x000000008f900000|  0%| F|  |TAMS 0x000000008f800000, 0x000000008f800000| Untracked 
| 221|0x000000008f900000, 0x000000008f900000, 0x000000008fa00000|  0%| F|  |TAMS 0x000000008f900000, 0x000000008f900000| Untracked 
| 222|0x000000008fa00000, 0x000000008fa00000, 0x000000008fb00000|  0%| F|  |TAMS 0x000000008fa00000, 0x000000008fa00000| Untracked 
| 223|0x000000008fb00000, 0x000000008fb00000, 0x000000008fc00000|  0%| F|  |TAMS 0x000000008fb00000, 0x000000008fb00000| Untracked 
| 224|0x000000008fc00000, 0x000000008fc00000, 0x000000008fd00000|  0%| F|  |TAMS 0x000000008fc00000, 0x000000008fc00000| Untracked 
| 225|0x000000008fd00000, 0x000000008fd00000, 0x000000008fe00000|  0%| F|  |TAMS 0x000000008fd00000, 0x000000008fd00000| Untracked 
| 226|0x000000008fe00000, 0x000000008fe00000, 0x000000008ff00000|  0%| F|  |TAMS 0x000000008fe00000, 0x000000008fe00000| Untracked 
| 227|0x000000008ff00000, 0x000000008ff00000, 0x0000000090000000|  0%| F|  |TAMS 0x000000008ff00000, 0x000000008ff00000| Untracked 
| 228|0x0000000090000000, 0x0000000090000000, 0x0000000090100000|  0%| F|  |TAMS 0x0000000090000000, 0x0000000090000000| Untracked 
| 229|0x0000000090100000, 0x0000000090100000, 0x0000000090200000|  0%| F|  |TAMS 0x0000000090100000, 0x0000000090100000| Untracked 
| 230|0x0000000090200000, 0x0000000090200000, 0x0000000090300000|  0%| F|  |TAMS 0x0000000090200000, 0x0000000090200000| Untracked 
| 231|0x0000000090300000, 0x0000000090300000, 0x0000000090400000|  0%| F|  |TAMS 0x0000000090300000, 0x0000000090300000| Untracked 
| 232|0x0000000090400000, 0x0000000090400000, 0x0000000090500000|  0%| F|  |TAMS 0x0000000090400000, 0x0000000090400000| Untracked 
| 233|0x0000000090500000, 0x0000000090500000, 0x0000000090600000|  0%| F|  |TAMS 0x0000000090500000, 0x0000000090500000| Untracked 
| 234|0x0000000090600000, 0x0000000090600000, 0x0000000090700000|  0%| F|  |TAMS 0x0000000090600000, 0x0000000090600000| Untracked 
| 235|0x0000000090700000, 0x0000000090700000, 0x0000000090800000|  0%| F|  |TAMS 0x0000000090700000, 0x0000000090700000| Untracked 
| 236|0x0000000090800000, 0x0000000090800000, 0x0000000090900000|  0%| F|  |TAMS 0x0000000090800000, 0x0000000090800000| Untracked 
| 237|0x0000000090900000, 0x0000000090900000, 0x0000000090a00000|  0%| F|  |TAMS 0x0000000090900000, 0x0000000090900000| Untracked 
| 238|0x0000000090a00000, 0x0000000090a00000, 0x0000000090b00000|  0%| F|  |TAMS 0x0000000090a00000, 0x0000000090a00000| Untracked 
| 239|0x0000000090b00000, 0x0000000090b00000, 0x0000000090c00000|  0%| F|  |TAMS 0x0000000090b00000, 0x0000000090b00000| Untracked 
| 240|0x0000000090c00000, 0x0000000090c00000, 0x0000000090d00000|  0%| F|  |TAMS 0x0000000090c00000, 0x0000000090c00000| Untracked 
| 241|0x0000000090d00000, 0x0000000090d00000, 0x0000000090e00000|  0%| F|  |TAMS 0x0000000090d00000, 0x0000000090d00000| Untracked 
| 242|0x0000000090e00000, 0x0000000090e00000, 0x0000000090f00000|  0%| F|  |TAMS 0x0000000090e00000, 0x0000000090e00000| Untracked 
| 243|0x0000000090f00000, 0x0000000090f00000, 0x0000000091000000|  0%| F|  |TAMS 0x0000000090f00000, 0x0000000090f00000| Untracked 
| 244|0x0000000091000000, 0x0000000091000000, 0x0000000091100000|  0%| F|  |TAMS 0x0000000091000000, 0x0000000091000000| Untracked 
| 245|0x0000000091100000, 0x0000000091100000, 0x0000000091200000|  0%| F|  |TAMS 0x0000000091100000, 0x0000000091100000| Untracked 
| 246|0x0000000091200000, 0x0000000091200000, 0x0000000091300000|  0%| F|  |TAMS 0x0000000091200000, 0x0000000091200000| Untracked 
| 247|0x0000000091300000, 0x0000000091300000, 0x0000000091400000|  0%| F|  |TAMS 0x0000000091300000, 0x0000000091300000| Untracked 
| 248|0x0000000091400000, 0x0000000091400000, 0x0000000091500000|  0%| F|  |TAMS 0x0000000091400000, 0x0000000091400000| Untracked 
| 249|0x0000000091500000, 0x0000000091500000, 0x0000000091600000|  0%| F|  |TAMS 0x0000000091500000, 0x0000000091500000| Untracked 
| 250|0x0000000091600000, 0x0000000091600000, 0x0000000091700000|  0%| F|  |TAMS 0x0000000091600000, 0x0000000091600000| Untracked 
| 251|0x0000000091700000, 0x0000000091700000, 0x0000000091800000|  0%| F|  |TAMS 0x0000000091700000, 0x0000000091700000| Untracked 
| 252|0x0000000091800000, 0x0000000091800000, 0x0000000091900000|  0%| F|  |TAMS 0x0000000091800000, 0x0000000091800000| Untracked 
| 253|0x0000000091900000, 0x0000000091900000, 0x0000000091a00000|  0%| F|  |TAMS 0x0000000091900000, 0x0000000091900000| Untracked 
| 254|0x0000000091a00000, 0x0000000091b00000, 0x0000000091b00000|100%| S|CS|TAMS 0x0000000091a00000, 0x0000000091a00000| Complete 
| 255|0x0000000091b00000, 0x0000000091c00000, 0x0000000091c00000|100%| S|CS|TAMS 0x0000000091b00000, 0x0000000091b00000| Complete 
| 256|0x0000000091c00000, 0x0000000091d00000, 0x0000000091d00000|100%| S|CS|TAMS 0x0000000091c00000, 0x0000000091c00000| Complete 
| 257|0x0000000091d00000, 0x0000000091d00000, 0x0000000091e00000|  0%| F|  |TAMS 0x0000000091d00000, 0x0000000091d00000| Untracked 
| 258|0x0000000091e00000, 0x0000000091e00000, 0x0000000091f00000|  0%| F|  |TAMS 0x0000000091e00000, 0x0000000091e00000| Untracked 
| 259|0x0000000091f00000, 0x0000000091f00000, 0x0000000092000000|  0%| F|  |TAMS 0x0000000091f00000, 0x0000000091f00000| Untracked 
| 260|0x0000000092000000, 0x0000000092000000, 0x0000000092100000|  0%| F|  |TAMS 0x0000000092000000, 0x0000000092000000| Untracked 
| 261|0x0000000092100000, 0x0000000092100000, 0x0000000092200000|  0%| F|  |TAMS 0x0000000092100000, 0x0000000092100000| Untracked 
| 262|0x0000000092200000, 0x0000000092200000, 0x0000000092300000|  0%| F|  |TAMS 0x0000000092200000, 0x0000000092200000| Untracked 
| 263|0x0000000092300000, 0x0000000092300000, 0x0000000092400000|  0%| F|  |TAMS 0x0000000092300000, 0x0000000092300000| Untracked 
| 264|0x0000000092400000, 0x0000000092400000, 0x0000000092500000|  0%| F|  |TAMS 0x0000000092400000, 0x0000000092400000| Untracked 
| 265|0x0000000092500000, 0x0000000092500000, 0x0000000092600000|  0%| F|  |TAMS 0x0000000092500000, 0x0000000092500000| Untracked 
| 266|0x0000000092600000, 0x0000000092600000, 0x0000000092700000|  0%| F|  |TAMS 0x0000000092600000, 0x0000000092600000| Untracked 
| 267|0x0000000092700000, 0x0000000092700000, 0x0000000092800000|  0%| F|  |TAMS 0x0000000092700000, 0x0000000092700000| Untracked 
| 268|0x0000000092800000, 0x0000000092800000, 0x0000000092900000|  0%| F|  |TAMS 0x0000000092800000, 0x0000000092800000| Untracked 
| 269|0x0000000092900000, 0x0000000092900000, 0x0000000092a00000|  0%| F|  |TAMS 0x0000000092900000, 0x0000000092900000| Untracked 
| 270|0x0000000092a00000, 0x0000000092a00000, 0x0000000092b00000|  0%| F|  |TAMS 0x0000000092a00000, 0x0000000092a00000| Untracked 
| 271|0x0000000092b00000, 0x0000000092b00000, 0x0000000092c00000|  0%| F|  |TAMS 0x0000000092b00000, 0x0000000092b00000| Untracked 
| 272|0x0000000092c00000, 0x0000000092c00000, 0x0000000092d00000|  0%| F|  |TAMS 0x0000000092c00000, 0x0000000092c00000| Untracked 
| 273|0x0000000092d00000, 0x0000000092d00000, 0x0000000092e00000|  0%| F|  |TAMS 0x0000000092d00000, 0x0000000092d00000| Untracked 
| 274|0x0000000092e00000, 0x0000000092e00000, 0x0000000092f00000|  0%| F|  |TAMS 0x0000000092e00000, 0x0000000092e00000| Untracked 
| 275|0x0000000092f00000, 0x0000000092f00000, 0x0000000093000000|  0%| F|  |TAMS 0x0000000092f00000, 0x0000000092f00000| Untracked 
| 276|0x0000000093000000, 0x0000000093100000, 0x0000000093100000|100%| S|CS|TAMS 0x0000000093000000, 0x0000000093000000| Complete 
| 277|0x0000000093100000, 0x0000000093200000, 0x0000000093200000|100%| S|CS|TAMS 0x0000000093100000, 0x0000000093100000| Complete 
| 278|0x0000000093200000, 0x0000000093300000, 0x0000000093300000|100%| S|CS|TAMS 0x0000000093200000, 0x0000000093200000| Complete 
| 279|0x0000000093300000, 0x0000000093400000, 0x0000000093400000|100%| S|CS|TAMS 0x0000000093300000, 0x0000000093300000| Complete 
| 280|0x0000000093400000, 0x0000000093500000, 0x0000000093500000|100%| S|CS|TAMS 0x0000000093400000, 0x0000000093400000| Complete 
| 281|0x0000000093500000, 0x0000000093600000, 0x0000000093600000|100%| S|CS|TAMS 0x0000000093500000, 0x0000000093500000| Complete 
| 282|0x0000000093600000, 0x0000000093700000, 0x0000000093700000|100%| S|CS|TAMS 0x0000000093600000, 0x0000000093600000| Complete 
| 283|0x0000000093700000, 0x0000000093800000, 0x0000000093800000|100%| S|CS|TAMS 0x0000000093700000, 0x0000000093700000| Complete 
| 284|0x0000000093800000, 0x0000000093900000, 0x0000000093900000|100%| S|CS|TAMS 0x0000000093800000, 0x0000000093800000| Complete 
| 285|0x0000000093900000, 0x0000000093a00000, 0x0000000093a00000|100%| S|CS|TAMS 0x0000000093900000, 0x0000000093900000| Complete 
| 286|0x0000000093a00000, 0x0000000093b00000, 0x0000000093b00000|100%| S|CS|TAMS 0x0000000093a00000, 0x0000000093a00000| Complete 
| 287|0x0000000093b00000, 0x0000000093c00000, 0x0000000093c00000|100%| S|CS|TAMS 0x0000000093b00000, 0x0000000093b00000| Complete 
| 288|0x0000000093c00000, 0x0000000093d00000, 0x0000000093d00000|100%| S|CS|TAMS 0x0000000093c00000, 0x0000000093c00000| Complete 
| 289|0x0000000093d00000, 0x0000000093e00000, 0x0000000093e00000|100%| S|CS|TAMS 0x0000000093d00000, 0x0000000093d00000| Complete 
| 290|0x0000000093e00000, 0x0000000093f00000, 0x0000000093f00000|100%| S|CS|TAMS 0x0000000093e00000, 0x0000000093e00000| Complete 
| 291|0x0000000093f00000, 0x0000000094000000, 0x0000000094000000|100%| S|CS|TAMS 0x0000000093f00000, 0x0000000093f00000| Complete 
| 292|0x0000000094000000, 0x0000000094100000, 0x0000000094100000|100%| S|CS|TAMS 0x0000000094000000, 0x0000000094000000| Complete 
| 293|0x0000000094100000, 0x0000000094200000, 0x0000000094200000|100%| S|CS|TAMS 0x0000000094100000, 0x0000000094100000| Complete 
| 294|0x0000000094200000, 0x0000000094300000, 0x0000000094300000|100%| S|CS|TAMS 0x0000000094200000, 0x0000000094200000| Complete 
| 295|0x0000000094300000, 0x0000000094300000, 0x0000000094400000|  0%| F|  |TAMS 0x0000000094300000, 0x0000000094300000| Untracked 
| 296|0x0000000094400000, 0x0000000094400000, 0x0000000094500000|  0%| F|  |TAMS 0x0000000094400000, 0x0000000094400000| Untracked 
| 297|0x0000000094500000, 0x0000000094500000, 0x0000000094600000|  0%| F|  |TAMS 0x0000000094500000, 0x0000000094500000| Untracked 
| 298|0x0000000094600000, 0x0000000094600000, 0x0000000094700000|  0%| F|  |TAMS 0x0000000094600000, 0x0000000094600000| Untracked 
| 299|0x0000000094700000, 0x0000000094700000, 0x0000000094800000|  0%| F|  |TAMS 0x0000000094700000, 0x0000000094700000| Untracked 
| 300|0x0000000094800000, 0x0000000094800000, 0x0000000094900000|  0%| F|  |TAMS 0x0000000094800000, 0x0000000094800000| Untracked 
| 301|0x0000000094900000, 0x0000000094900000, 0x0000000094a00000|  0%| F|  |TAMS 0x0000000094900000, 0x0000000094900000| Untracked 
| 302|0x0000000094a00000, 0x0000000094a00000, 0x0000000094b00000|  0%| F|  |TAMS 0x0000000094a00000, 0x0000000094a00000| Untracked 
| 303|0x0000000094b00000, 0x0000000094b00000, 0x0000000094c00000|  0%| F|  |TAMS 0x0000000094b00000, 0x0000000094b00000| Untracked 
| 304|0x0000000094c00000, 0x0000000094c00000, 0x0000000094d00000|  0%| F|  |TAMS 0x0000000094c00000, 0x0000000094c00000| Untracked 
| 305|0x0000000094d00000, 0x0000000094d00000, 0x0000000094e00000|  0%| F|  |TAMS 0x0000000094d00000, 0x0000000094d00000| Untracked 
| 306|0x0000000094e00000, 0x0000000094e00000, 0x0000000094f00000|  0%| F|  |TAMS 0x0000000094e00000, 0x0000000094e00000| Untracked 
| 307|0x0000000094f00000, 0x0000000094f00000, 0x0000000095000000|  0%| F|  |TAMS 0x0000000094f00000, 0x0000000094f00000| Untracked 
| 308|0x0000000095000000, 0x0000000095000000, 0x0000000095100000|  0%| F|  |TAMS 0x0000000095000000, 0x0000000095000000| Untracked 
| 309|0x0000000095100000, 0x0000000095100000, 0x0000000095200000|  0%| F|  |TAMS 0x0000000095100000, 0x0000000095100000| Untracked 
| 310|0x0000000095200000, 0x0000000095200000, 0x0000000095300000|  0%| F|  |TAMS 0x0000000095200000, 0x0000000095200000| Untracked 
| 311|0x0000000095300000, 0x0000000095300000, 0x0000000095400000|  0%| F|  |TAMS 0x0000000095300000, 0x0000000095300000| Untracked 
| 312|0x0000000095400000, 0x0000000095400000, 0x0000000095500000|  0%| F|  |TAMS 0x0000000095400000, 0x0000000095400000| Untracked 
| 313|0x0000000095500000, 0x0000000095500000, 0x0000000095600000|  0%| F|  |TAMS 0x0000000095500000, 0x0000000095500000| Untracked 
| 314|0x0000000095600000, 0x0000000095600000, 0x0000000095700000|  0%| F|  |TAMS 0x0000000095600000, 0x0000000095600000| Untracked 
| 315|0x0000000095700000, 0x0000000095700000, 0x0000000095800000|  0%| F|  |TAMS 0x0000000095700000, 0x0000000095700000| Untracked 
| 316|0x0000000095800000, 0x0000000095800000, 0x0000000095900000|  0%| F|  |TAMS 0x0000000095800000, 0x0000000095800000| Untracked 
| 317|0x0000000095900000, 0x0000000095900000, 0x0000000095a00000|  0%| F|  |TAMS 0x0000000095900000, 0x0000000095900000| Untracked 
| 318|0x0000000095a00000, 0x0000000095a00000, 0x0000000095b00000|  0%| F|  |TAMS 0x0000000095a00000, 0x0000000095a00000| Untracked 
| 319|0x0000000095b00000, 0x0000000095b00000, 0x0000000095c00000|  0%| F|  |TAMS 0x0000000095b00000, 0x0000000095b00000| Untracked 
| 320|0x0000000095c00000, 0x0000000095c00000, 0x0000000095d00000|  0%| F|  |TAMS 0x0000000095c00000, 0x0000000095c00000| Untracked 
| 321|0x0000000095d00000, 0x0000000095d00000, 0x0000000095e00000|  0%| F|  |TAMS 0x0000000095d00000, 0x0000000095d00000| Untracked 
| 322|0x0000000095e00000, 0x0000000095e00000, 0x0000000095f00000|  0%| F|  |TAMS 0x0000000095e00000, 0x0000000095e00000| Untracked 
| 323|0x0000000095f00000, 0x0000000095f00000, 0x0000000096000000|  0%| F|  |TAMS 0x0000000095f00000, 0x0000000095f00000| Untracked 
| 324|0x0000000096000000, 0x0000000096000000, 0x0000000096100000|  0%| F|  |TAMS 0x0000000096000000, 0x0000000096000000| Untracked 
| 325|0x0000000096100000, 0x0000000096100000, 0x0000000096200000|  0%| F|  |TAMS 0x0000000096100000, 0x0000000096100000| Untracked 
| 326|0x0000000096200000, 0x0000000096200000, 0x0000000096300000|  0%| F|  |TAMS 0x0000000096200000, 0x0000000096200000| Untracked 
| 327|0x0000000096300000, 0x0000000096300000, 0x0000000096400000|  0%| F|  |TAMS 0x0000000096300000, 0x0000000096300000| Untracked 
| 328|0x0000000096400000, 0x0000000096400000, 0x0000000096500000|  0%| F|  |TAMS 0x0000000096400000, 0x0000000096400000| Untracked 
| 329|0x0000000096500000, 0x0000000096500000, 0x0000000096600000|  0%| F|  |TAMS 0x0000000096500000, 0x0000000096500000| Untracked 
| 330|0x0000000096600000, 0x0000000096600000, 0x0000000096700000|  0%| F|  |TAMS 0x0000000096600000, 0x0000000096600000| Untracked 
| 331|0x0000000096700000, 0x0000000096700000, 0x0000000096800000|  0%| F|  |TAMS 0x0000000096700000, 0x0000000096700000| Untracked 
| 332|0x0000000096800000, 0x0000000096800000, 0x0000000096900000|  0%| F|  |TAMS 0x0000000096800000, 0x0000000096800000| Untracked 
| 333|0x0000000096900000, 0x0000000096900000, 0x0000000096a00000|  0%| F|  |TAMS 0x0000000096900000, 0x0000000096900000| Untracked 
| 334|0x0000000096a00000, 0x0000000096a00000, 0x0000000096b00000|  0%| F|  |TAMS 0x0000000096a00000, 0x0000000096a00000| Untracked 
| 335|0x0000000096b00000, 0x0000000096b00000, 0x0000000096c00000|  0%| F|  |TAMS 0x0000000096b00000, 0x0000000096b00000| Untracked 
| 336|0x0000000096c00000, 0x0000000096c00000, 0x0000000096d00000|  0%| F|  |TAMS 0x0000000096c00000, 0x0000000096c00000| Untracked 
| 337|0x0000000096d00000, 0x0000000096d00000, 0x0000000096e00000|  0%| F|  |TAMS 0x0000000096d00000, 0x0000000096d00000| Untracked 
| 338|0x0000000096e00000, 0x0000000096e00000, 0x0000000096f00000|  0%| F|  |TAMS 0x0000000096e00000, 0x0000000096e00000| Untracked 
| 339|0x0000000096f00000, 0x0000000096f00000, 0x0000000097000000|  0%| F|  |TAMS 0x0000000096f00000, 0x0000000096f00000| Untracked 
| 340|0x0000000097000000, 0x0000000097000000, 0x0000000097100000|  0%| F|  |TAMS 0x0000000097000000, 0x0000000097000000| Untracked 
| 341|0x0000000097100000, 0x0000000097100000, 0x0000000097200000|  0%| F|  |TAMS 0x0000000097100000, 0x0000000097100000| Untracked 
| 342|0x0000000097200000, 0x0000000097200000, 0x0000000097300000|  0%| F|  |TAMS 0x0000000097200000, 0x0000000097200000| Untracked 
| 343|0x0000000097300000, 0x0000000097300000, 0x0000000097400000|  0%| F|  |TAMS 0x0000000097300000, 0x0000000097300000| Untracked 
| 344|0x0000000097400000, 0x0000000097400000, 0x0000000097500000|  0%| F|  |TAMS 0x0000000097400000, 0x0000000097400000| Untracked 
| 345|0x0000000097500000, 0x0000000097500000, 0x0000000097600000|  0%| F|  |TAMS 0x0000000097500000, 0x0000000097500000| Untracked 
| 346|0x0000000097600000, 0x0000000097600000, 0x0000000097700000|  0%| F|  |TAMS 0x0000000097600000, 0x0000000097600000| Untracked 
| 347|0x0000000097700000, 0x0000000097700000, 0x0000000097800000|  0%| F|  |TAMS 0x0000000097700000, 0x0000000097700000| Untracked 
| 348|0x0000000097800000, 0x0000000097800000, 0x0000000097900000|  0%| F|  |TAMS 0x0000000097800000, 0x0000000097800000| Untracked 
| 349|0x0000000097900000, 0x0000000097900000, 0x0000000097a00000|  0%| F|  |TAMS 0x0000000097900000, 0x0000000097900000| Untracked 
| 350|0x0000000097a00000, 0x0000000097a00000, 0x0000000097b00000|  0%| F|  |TAMS 0x0000000097a00000, 0x0000000097a00000| Untracked 
| 351|0x0000000097b00000, 0x0000000097b00000, 0x0000000097c00000|  0%| F|  |TAMS 0x0000000097b00000, 0x0000000097b00000| Untracked 
| 352|0x0000000097c00000, 0x0000000097c00000, 0x0000000097d00000|  0%| F|  |TAMS 0x0000000097c00000, 0x0000000097c00000| Untracked 
| 353|0x0000000097d00000, 0x0000000097d00000, 0x0000000097e00000|  0%| F|  |TAMS 0x0000000097d00000, 0x0000000097d00000| Untracked 
| 354|0x0000000097e00000, 0x0000000097e00000, 0x0000000097f00000|  0%| F|  |TAMS 0x0000000097e00000, 0x0000000097e00000| Untracked 
| 355|0x0000000097f00000, 0x0000000097f00000, 0x0000000098000000|  0%| F|  |TAMS 0x0000000097f00000, 0x0000000097f00000| Untracked 
| 356|0x0000000098000000, 0x0000000098000000, 0x0000000098100000|  0%| F|  |TAMS 0x0000000098000000, 0x0000000098000000| Untracked 
| 357|0x0000000098100000, 0x0000000098100000, 0x0000000098200000|  0%| F|  |TAMS 0x0000000098100000, 0x0000000098100000| Untracked 
| 358|0x0000000098200000, 0x0000000098200000, 0x0000000098300000|  0%| F|  |TAMS 0x0000000098200000, 0x0000000098200000| Untracked 
| 359|0x0000000098300000, 0x0000000098300000, 0x0000000098400000|  0%| F|  |TAMS 0x0000000098300000, 0x0000000098300000| Untracked 
| 360|0x0000000098400000, 0x0000000098400000, 0x0000000098500000|  0%| F|  |TAMS 0x0000000098400000, 0x0000000098400000| Untracked 
| 361|0x0000000098500000, 0x0000000098500000, 0x0000000098600000|  0%| F|  |TAMS 0x0000000098500000, 0x0000000098500000| Untracked 
| 362|0x0000000098600000, 0x0000000098600000, 0x0000000098700000|  0%| F|  |TAMS 0x0000000098600000, 0x0000000098600000| Untracked 
| 363|0x0000000098700000, 0x0000000098700000, 0x0000000098800000|  0%| F|  |TAMS 0x0000000098700000, 0x0000000098700000| Untracked 
| 364|0x0000000098800000, 0x0000000098800000, 0x0000000098900000|  0%| F|  |TAMS 0x0000000098800000, 0x0000000098800000| Untracked 
| 365|0x0000000098900000, 0x0000000098900000, 0x0000000098a00000|  0%| F|  |TAMS 0x0000000098900000, 0x0000000098900000| Untracked 
| 366|0x0000000098a00000, 0x0000000098a00000, 0x0000000098b00000|  0%| F|  |TAMS 0x0000000098a00000, 0x0000000098a00000| Untracked 
| 367|0x0000000098b00000, 0x0000000098b00000, 0x0000000098c00000|  0%| F|  |TAMS 0x0000000098b00000, 0x0000000098b00000| Untracked 
| 368|0x0000000098c00000, 0x0000000098c00000, 0x0000000098d00000|  0%| F|  |TAMS 0x0000000098c00000, 0x0000000098c00000| Untracked 
| 369|0x0000000098d00000, 0x0000000098d00000, 0x0000000098e00000|  0%| F|  |TAMS 0x0000000098d00000, 0x0000000098d00000| Untracked 
| 370|0x0000000098e00000, 0x0000000098e00000, 0x0000000098f00000|  0%| F|  |TAMS 0x0000000098e00000, 0x0000000098e00000| Untracked 
| 371|0x0000000098f00000, 0x0000000098f00000, 0x0000000099000000|  0%| F|  |TAMS 0x0000000098f00000, 0x0000000098f00000| Untracked 
| 372|0x0000000099000000, 0x0000000099000000, 0x0000000099100000|  0%| F|  |TAMS 0x0000000099000000, 0x0000000099000000| Untracked 
| 373|0x0000000099100000, 0x0000000099100000, 0x0000000099200000|  0%| F|  |TAMS 0x0000000099100000, 0x0000000099100000| Untracked 
| 374|0x0000000099200000, 0x0000000099200000, 0x0000000099300000|  0%| F|  |TAMS 0x0000000099200000, 0x0000000099200000| Untracked 
| 375|0x0000000099300000, 0x0000000099300000, 0x0000000099400000|  0%| F|  |TAMS 0x0000000099300000, 0x0000000099300000| Untracked 
| 376|0x0000000099400000, 0x0000000099400000, 0x0000000099500000|  0%| F|  |TAMS 0x0000000099400000, 0x0000000099400000| Untracked 
| 377|0x0000000099500000, 0x0000000099500000, 0x0000000099600000|  0%| F|  |TAMS 0x0000000099500000, 0x0000000099500000| Untracked 
| 378|0x0000000099600000, 0x0000000099600000, 0x0000000099700000|  0%| F|  |TAMS 0x0000000099600000, 0x0000000099600000| Untracked 
| 379|0x0000000099700000, 0x0000000099700000, 0x0000000099800000|  0%| F|  |TAMS 0x0000000099700000, 0x0000000099700000| Untracked 
| 380|0x0000000099800000, 0x0000000099800000, 0x0000000099900000|  0%| F|  |TAMS 0x0000000099800000, 0x0000000099800000| Untracked 
| 381|0x0000000099900000, 0x0000000099900000, 0x0000000099a00000|  0%| F|  |TAMS 0x0000000099900000, 0x0000000099900000| Untracked 
| 382|0x0000000099a00000, 0x0000000099a00000, 0x0000000099b00000|  0%| F|  |TAMS 0x0000000099a00000, 0x0000000099a00000| Untracked 
| 383|0x0000000099b00000, 0x0000000099b00000, 0x0000000099c00000|  0%| F|  |TAMS 0x0000000099b00000, 0x0000000099b00000| Untracked 
| 384|0x0000000099c00000, 0x0000000099c00000, 0x0000000099d00000|  0%| F|  |TAMS 0x0000000099c00000, 0x0000000099c00000| Untracked 
| 385|0x0000000099d00000, 0x0000000099d00000, 0x0000000099e00000|  0%| F|  |TAMS 0x0000000099d00000, 0x0000000099d00000| Untracked 
| 386|0x0000000099e00000, 0x0000000099e00000, 0x0000000099f00000|  0%| F|  |TAMS 0x0000000099e00000, 0x0000000099e00000| Untracked 
| 387|0x0000000099f00000, 0x0000000099f00000, 0x000000009a000000|  0%| F|  |TAMS 0x0000000099f00000, 0x0000000099f00000| Untracked 
| 388|0x000000009a000000, 0x000000009a000000, 0x000000009a100000|  0%| F|  |TAMS 0x000000009a000000, 0x000000009a000000| Untracked 
| 389|0x000000009a100000, 0x000000009a100000, 0x000000009a200000|  0%| F|  |TAMS 0x000000009a100000, 0x000000009a100000| Untracked 
| 390|0x000000009a200000, 0x000000009a200000, 0x000000009a300000|  0%| F|  |TAMS 0x000000009a200000, 0x000000009a200000| Untracked 
| 391|0x000000009a300000, 0x000000009a300000, 0x000000009a400000|  0%| F|  |TAMS 0x000000009a300000, 0x000000009a300000| Untracked 
| 392|0x000000009a400000, 0x000000009a400000, 0x000000009a500000|  0%| F|  |TAMS 0x000000009a400000, 0x000000009a400000| Untracked 
| 393|0x000000009a500000, 0x000000009a500000, 0x000000009a600000|  0%| F|  |TAMS 0x000000009a500000, 0x000000009a500000| Untracked 
| 394|0x000000009a600000, 0x000000009a600000, 0x000000009a700000|  0%| F|  |TAMS 0x000000009a600000, 0x000000009a600000| Untracked 
| 395|0x000000009a700000, 0x000000009a700000, 0x000000009a800000|  0%| F|  |TAMS 0x000000009a700000, 0x000000009a700000| Untracked 
| 396|0x000000009a800000, 0x000000009a800000, 0x000000009a900000|  0%| F|  |TAMS 0x000000009a800000, 0x000000009a800000| Untracked 
| 397|0x000000009a900000, 0x000000009a900000, 0x000000009aa00000|  0%| F|  |TAMS 0x000000009a900000, 0x000000009a900000| Untracked 
| 398|0x000000009aa00000, 0x000000009aa00000, 0x000000009ab00000|  0%| F|  |TAMS 0x000000009aa00000, 0x000000009aa00000| Untracked 
| 399|0x000000009ab00000, 0x000000009ab00000, 0x000000009ac00000|  0%| F|  |TAMS 0x000000009ab00000, 0x000000009ab00000| Untracked 
| 400|0x000000009ac00000, 0x000000009ac00000, 0x000000009ad00000|  0%| F|  |TAMS 0x000000009ac00000, 0x000000009ac00000| Untracked 
| 401|0x000000009ad00000, 0x000000009ad00000, 0x000000009ae00000|  0%| F|  |TAMS 0x000000009ad00000, 0x000000009ad00000| Untracked 
| 402|0x000000009ae00000, 0x000000009ae00000, 0x000000009af00000|  0%| F|  |TAMS 0x000000009ae00000, 0x000000009ae00000| Untracked 
| 403|0x000000009af00000, 0x000000009af00000, 0x000000009b000000|  0%| F|  |TAMS 0x000000009af00000, 0x000000009af00000| Untracked 
| 404|0x000000009b000000, 0x000000009b000000, 0x000000009b100000|  0%| F|  |TAMS 0x000000009b000000, 0x000000009b000000| Untracked 
| 405|0x000000009b100000, 0x000000009b100000, 0x000000009b200000|  0%| F|  |TAMS 0x000000009b100000, 0x000000009b100000| Untracked 
| 406|0x000000009b200000, 0x000000009b200000, 0x000000009b300000|  0%| F|  |TAMS 0x000000009b200000, 0x000000009b200000| Untracked 
| 407|0x000000009b300000, 0x000000009b300000, 0x000000009b400000|  0%| F|  |TAMS 0x000000009b300000, 0x000000009b300000| Untracked 
| 408|0x000000009b400000, 0x000000009b400000, 0x000000009b500000|  0%| F|  |TAMS 0x000000009b400000, 0x000000009b400000| Untracked 
| 409|0x000000009b500000, 0x000000009b500000, 0x000000009b600000|  0%| F|  |TAMS 0x000000009b500000, 0x000000009b500000| Untracked 
| 410|0x000000009b600000, 0x000000009b600000, 0x000000009b700000|  0%| F|  |TAMS 0x000000009b600000, 0x000000009b600000| Untracked 
| 411|0x000000009b700000, 0x000000009b700000, 0x000000009b800000|  0%| F|  |TAMS 0x000000009b700000, 0x000000009b700000| Untracked 
| 412|0x000000009b800000, 0x000000009b800000, 0x000000009b900000|  0%| F|  |TAMS 0x000000009b800000, 0x000000009b800000| Untracked 
| 413|0x000000009b900000, 0x000000009b900000, 0x000000009ba00000|  0%| F|  |TAMS 0x000000009b900000, 0x000000009b900000| Untracked 
| 414|0x000000009ba00000, 0x000000009ba00000, 0x000000009bb00000|  0%| F|  |TAMS 0x000000009ba00000, 0x000000009ba00000| Untracked 
| 415|0x000000009bb00000, 0x000000009bb00000, 0x000000009bc00000|  0%| F|  |TAMS 0x000000009bb00000, 0x000000009bb00000| Untracked 
| 416|0x000000009bc00000, 0x000000009bc00000, 0x000000009bd00000|  0%| F|  |TAMS 0x000000009bc00000, 0x000000009bc00000| Untracked 
| 417|0x000000009bd00000, 0x000000009bd00000, 0x000000009be00000|  0%| F|  |TAMS 0x000000009bd00000, 0x000000009bd00000| Untracked 
| 418|0x000000009be00000, 0x000000009be00000, 0x000000009bf00000|  0%| F|  |TAMS 0x000000009be00000, 0x000000009be00000| Untracked 
| 419|0x000000009bf00000, 0x000000009bf00000, 0x000000009c000000|  0%| F|  |TAMS 0x000000009bf00000, 0x000000009bf00000| Untracked 
| 420|0x000000009c000000, 0x000000009c000000, 0x000000009c100000|  0%| F|  |TAMS 0x000000009c000000, 0x000000009c000000| Untracked 
| 421|0x000000009c100000, 0x000000009c100000, 0x000000009c200000|  0%| F|  |TAMS 0x000000009c100000, 0x000000009c100000| Untracked 
| 422|0x000000009c200000, 0x000000009c200000, 0x000000009c300000|  0%| F|  |TAMS 0x000000009c200000, 0x000000009c200000| Untracked 
| 423|0x000000009c300000, 0x000000009c300000, 0x000000009c400000|  0%| F|  |TAMS 0x000000009c300000, 0x000000009c300000| Untracked 
| 424|0x000000009c400000, 0x000000009c400000, 0x000000009c500000|  0%| F|  |TAMS 0x000000009c400000, 0x000000009c400000| Untracked 
| 425|0x000000009c500000, 0x000000009c500000, 0x000000009c600000|  0%| F|  |TAMS 0x000000009c500000, 0x000000009c500000| Untracked 
| 426|0x000000009c600000, 0x000000009c600000, 0x000000009c700000|  0%| F|  |TAMS 0x000000009c600000, 0x000000009c600000| Untracked 
| 427|0x000000009c700000, 0x000000009c700000, 0x000000009c800000|  0%| F|  |TAMS 0x000000009c700000, 0x000000009c700000| Untracked 
| 428|0x000000009c800000, 0x000000009c800000, 0x000000009c900000|  0%| F|  |TAMS 0x000000009c800000, 0x000000009c800000| Untracked 
| 429|0x000000009c900000, 0x000000009c900000, 0x000000009ca00000|  0%| F|  |TAMS 0x000000009c900000, 0x000000009c900000| Untracked 
| 430|0x000000009ca00000, 0x000000009ca00000, 0x000000009cb00000|  0%| F|  |TAMS 0x000000009ca00000, 0x000000009ca00000| Untracked 
| 431|0x000000009cb00000, 0x000000009cb00000, 0x000000009cc00000|  0%| F|  |TAMS 0x000000009cb00000, 0x000000009cb00000| Untracked 
| 432|0x000000009cc00000, 0x000000009cc00000, 0x000000009cd00000|  0%| F|  |TAMS 0x000000009cc00000, 0x000000009cc00000| Untracked 
| 433|0x000000009cd00000, 0x000000009cd00000, 0x000000009ce00000|  0%| F|  |TAMS 0x000000009cd00000, 0x000000009cd00000| Untracked 
| 434|0x000000009ce00000, 0x000000009ce00000, 0x000000009cf00000|  0%| F|  |TAMS 0x000000009ce00000, 0x000000009ce00000| Untracked 
| 435|0x000000009cf00000, 0x000000009cf00000, 0x000000009d000000|  0%| F|  |TAMS 0x000000009cf00000, 0x000000009cf00000| Untracked 
| 436|0x000000009d000000, 0x000000009d000000, 0x000000009d100000|  0%| F|  |TAMS 0x000000009d000000, 0x000000009d000000| Untracked 
| 437|0x000000009d100000, 0x000000009d100000, 0x000000009d200000|  0%| F|  |TAMS 0x000000009d100000, 0x000000009d100000| Untracked 
| 438|0x000000009d200000, 0x000000009d200000, 0x000000009d300000|  0%| F|  |TAMS 0x000000009d200000, 0x000000009d200000| Untracked 
| 439|0x000000009d300000, 0x000000009d300000, 0x000000009d400000|  0%| F|  |TAMS 0x000000009d300000, 0x000000009d300000| Untracked 
| 440|0x000000009d400000, 0x000000009d400000, 0x000000009d500000|  0%| F|  |TAMS 0x000000009d400000, 0x000000009d400000| Untracked 
| 441|0x000000009d500000, 0x000000009d500000, 0x000000009d600000|  0%| F|  |TAMS 0x000000009d500000, 0x000000009d500000| Untracked 
| 442|0x000000009d600000, 0x000000009d600000, 0x000000009d700000|  0%| F|  |TAMS 0x000000009d600000, 0x000000009d600000| Untracked 
| 443|0x000000009d700000, 0x000000009d700000, 0x000000009d800000|  0%| F|  |TAMS 0x000000009d700000, 0x000000009d700000| Untracked 
| 444|0x000000009d800000, 0x000000009d800000, 0x000000009d900000|  0%| F|  |TAMS 0x000000009d800000, 0x000000009d800000| Untracked 
| 445|0x000000009d900000, 0x000000009d900000, 0x000000009da00000|  0%| F|  |TAMS 0x000000009d900000, 0x000000009d900000| Untracked 
| 446|0x000000009da00000, 0x000000009da00000, 0x000000009db00000|  0%| F|  |TAMS 0x000000009da00000, 0x000000009da00000| Untracked 
| 447|0x000000009db00000, 0x000000009db00000, 0x000000009dc00000|  0%| F|  |TAMS 0x000000009db00000, 0x000000009db00000| Untracked 
| 448|0x000000009dc00000, 0x000000009dc00000, 0x000000009dd00000|  0%| F|  |TAMS 0x000000009dc00000, 0x000000009dc00000| Untracked 
| 449|0x000000009dd00000, 0x000000009dd00000, 0x000000009de00000|  0%| F|  |TAMS 0x000000009dd00000, 0x000000009dd00000| Untracked 
| 450|0x000000009de00000, 0x000000009de00000, 0x000000009df00000|  0%| F|  |TAMS 0x000000009de00000, 0x000000009de00000| Untracked 
| 451|0x000000009df00000, 0x000000009df00000, 0x000000009e000000|  0%| F|  |TAMS 0x000000009df00000, 0x000000009df00000| Untracked 
| 452|0x000000009e000000, 0x000000009e000000, 0x000000009e100000|  0%| F|  |TAMS 0x000000009e000000, 0x000000009e000000| Untracked 
| 453|0x000000009e100000, 0x000000009e100000, 0x000000009e200000|  0%| F|  |TAMS 0x000000009e100000, 0x000000009e100000| Untracked 
| 454|0x000000009e200000, 0x000000009e200000, 0x000000009e300000|  0%| F|  |TAMS 0x000000009e200000, 0x000000009e200000| Untracked 
| 455|0x000000009e300000, 0x000000009e300000, 0x000000009e400000|  0%| F|  |TAMS 0x000000009e300000, 0x000000009e300000| Untracked 
| 456|0x000000009e400000, 0x000000009e400000, 0x000000009e500000|  0%| F|  |TAMS 0x000000009e400000, 0x000000009e400000| Untracked 
| 457|0x000000009e500000, 0x000000009e500000, 0x000000009e600000|  0%| F|  |TAMS 0x000000009e500000, 0x000000009e500000| Untracked 
| 458|0x000000009e600000, 0x000000009e600000, 0x000000009e700000|  0%| F|  |TAMS 0x000000009e600000, 0x000000009e600000| Untracked 
| 459|0x000000009e700000, 0x000000009e700000, 0x000000009e800000|  0%| F|  |TAMS 0x000000009e700000, 0x000000009e700000| Untracked 
| 460|0x000000009e800000, 0x000000009e800000, 0x000000009e900000|  0%| F|  |TAMS 0x000000009e800000, 0x000000009e800000| Untracked 
| 461|0x000000009e900000, 0x000000009e900000, 0x000000009ea00000|  0%| F|  |TAMS 0x000000009e900000, 0x000000009e900000| Untracked 
| 462|0x000000009ea00000, 0x000000009ea00000, 0x000000009eb00000|  0%| F|  |TAMS 0x000000009ea00000, 0x000000009ea00000| Untracked 
| 463|0x000000009eb00000, 0x000000009eb00000, 0x000000009ec00000|  0%| F|  |TAMS 0x000000009eb00000, 0x000000009eb00000| Untracked 
| 464|0x000000009ec00000, 0x000000009ec00000, 0x000000009ed00000|  0%| F|  |TAMS 0x000000009ec00000, 0x000000009ec00000| Untracked 
| 465|0x000000009ed00000, 0x000000009ed00000, 0x000000009ee00000|  0%| F|  |TAMS 0x000000009ed00000, 0x000000009ed00000| Untracked 
| 466|0x000000009ee00000, 0x000000009ee00000, 0x000000009ef00000|  0%| F|  |TAMS 0x000000009ee00000, 0x000000009ee00000| Untracked 
| 467|0x000000009ef00000, 0x000000009ef00000, 0x000000009f000000|  0%| F|  |TAMS 0x000000009ef00000, 0x000000009ef00000| Untracked 
| 468|0x000000009f000000, 0x000000009f000000, 0x000000009f100000|  0%| F|  |TAMS 0x000000009f000000, 0x000000009f000000| Untracked 
| 469|0x000000009f100000, 0x000000009f100000, 0x000000009f200000|  0%| F|  |TAMS 0x000000009f100000, 0x000000009f100000| Untracked 
| 470|0x000000009f200000, 0x000000009f200000, 0x000000009f300000|  0%| F|  |TAMS 0x000000009f200000, 0x000000009f200000| Untracked 
| 471|0x000000009f300000, 0x000000009f300000, 0x000000009f400000|  0%| F|  |TAMS 0x000000009f300000, 0x000000009f300000| Untracked 
| 472|0x000000009f400000, 0x000000009f400000, 0x000000009f500000|  0%| F|  |TAMS 0x000000009f400000, 0x000000009f400000| Untracked 
| 473|0x000000009f500000, 0x000000009f500000, 0x000000009f600000|  0%| F|  |TAMS 0x000000009f500000, 0x000000009f500000| Untracked 
| 474|0x000000009f600000, 0x000000009f600000, 0x000000009f700000|  0%| F|  |TAMS 0x000000009f600000, 0x000000009f600000| Untracked 
| 475|0x000000009f700000, 0x000000009f700000, 0x000000009f800000|  0%| F|  |TAMS 0x000000009f700000, 0x000000009f700000| Untracked 
| 476|0x000000009f800000, 0x000000009f800000, 0x000000009f900000|  0%| F|  |TAMS 0x000000009f800000, 0x000000009f800000| Untracked 
| 477|0x000000009f900000, 0x000000009f900000, 0x000000009fa00000|  0%| F|  |TAMS 0x000000009f900000, 0x000000009f900000| Untracked 
| 478|0x000000009fa00000, 0x000000009fa00000, 0x000000009fb00000|  0%| F|  |TAMS 0x000000009fa00000, 0x000000009fa00000| Untracked 
| 479|0x000000009fb00000, 0x000000009fb00000, 0x000000009fc00000|  0%| F|  |TAMS 0x000000009fb00000, 0x000000009fb00000| Untracked 
| 480|0x000000009fc00000, 0x000000009fc00000, 0x000000009fd00000|  0%| F|  |TAMS 0x000000009fc00000, 0x000000009fc00000| Untracked 
| 481|0x000000009fd00000, 0x000000009fd00000, 0x000000009fe00000|  0%| F|  |TAMS 0x000000009fd00000, 0x000000009fd00000| Untracked 
| 482|0x000000009fe00000, 0x000000009fe00000, 0x000000009ff00000|  0%| F|  |TAMS 0x000000009fe00000, 0x000000009fe00000| Untracked 
| 483|0x000000009ff00000, 0x000000009ff00000, 0x00000000a0000000|  0%| F|  |TAMS 0x000000009ff00000, 0x000000009ff00000| Untracked 
| 484|0x00000000a0000000, 0x00000000a0000000, 0x00000000a0100000|  0%| F|  |TAMS 0x00000000a0000000, 0x00000000a0000000| Untracked 
| 485|0x00000000a0100000, 0x00000000a0100000, 0x00000000a0200000|  0%| F|  |TAMS 0x00000000a0100000, 0x00000000a0100000| Untracked 
| 486|0x00000000a0200000, 0x00000000a0200000, 0x00000000a0300000|  0%| F|  |TAMS 0x00000000a0200000, 0x00000000a0200000| Untracked 
| 487|0x00000000a0300000, 0x00000000a0300000, 0x00000000a0400000|  0%| F|  |TAMS 0x00000000a0300000, 0x00000000a0300000| Untracked 
| 488|0x00000000a0400000, 0x00000000a0400000, 0x00000000a0500000|  0%| F|  |TAMS 0x00000000a0400000, 0x00000000a0400000| Untracked 
| 489|0x00000000a0500000, 0x00000000a0500000, 0x00000000a0600000|  0%| F|  |TAMS 0x00000000a0500000, 0x00000000a0500000| Untracked 
| 490|0x00000000a0600000, 0x00000000a0600000, 0x00000000a0700000|  0%| F|  |TAMS 0x00000000a0600000, 0x00000000a0600000| Untracked 
| 491|0x00000000a0700000, 0x00000000a0700000, 0x00000000a0800000|  0%| F|  |TAMS 0x00000000a0700000, 0x00000000a0700000| Untracked 
| 492|0x00000000a0800000, 0x00000000a0800000, 0x00000000a0900000|  0%| F|  |TAMS 0x00000000a0800000, 0x00000000a0800000| Untracked 
| 493|0x00000000a0900000, 0x00000000a0900000, 0x00000000a0a00000|  0%| F|  |TAMS 0x00000000a0900000, 0x00000000a0900000| Untracked 
| 494|0x00000000a0a00000, 0x00000000a0a00000, 0x00000000a0b00000|  0%| F|  |TAMS 0x00000000a0a00000, 0x00000000a0a00000| Untracked 
| 495|0x00000000a0b00000, 0x00000000a0b00000, 0x00000000a0c00000|  0%| F|  |TAMS 0x00000000a0b00000, 0x00000000a0b00000| Untracked 
| 496|0x00000000a0c00000, 0x00000000a0c00000, 0x00000000a0d00000|  0%| F|  |TAMS 0x00000000a0c00000, 0x00000000a0c00000| Untracked 
| 497|0x00000000a0d00000, 0x00000000a0d00000, 0x00000000a0e00000|  0%| F|  |TAMS 0x00000000a0d00000, 0x00000000a0d00000| Untracked 
| 498|0x00000000a0e00000, 0x00000000a0e00000, 0x00000000a0f00000|  0%| F|  |TAMS 0x00000000a0e00000, 0x00000000a0e00000| Untracked 
| 499|0x00000000a0f00000, 0x00000000a0f00000, 0x00000000a1000000|  0%| F|  |TAMS 0x00000000a0f00000, 0x00000000a0f00000| Untracked 
| 500|0x00000000a1000000, 0x00000000a1000000, 0x00000000a1100000|  0%| F|  |TAMS 0x00000000a1000000, 0x00000000a1000000| Untracked 
| 501|0x00000000a1100000, 0x00000000a1100000, 0x00000000a1200000|  0%| F|  |TAMS 0x00000000a1100000, 0x00000000a1100000| Untracked 
| 502|0x00000000a1200000, 0x00000000a1200000, 0x00000000a1300000|  0%| F|  |TAMS 0x00000000a1200000, 0x00000000a1200000| Untracked 
| 503|0x00000000a1300000, 0x00000000a1300000, 0x00000000a1400000|  0%| F|  |TAMS 0x00000000a1300000, 0x00000000a1300000| Untracked 
| 504|0x00000000a1400000, 0x00000000a1400000, 0x00000000a1500000|  0%| F|  |TAMS 0x00000000a1400000, 0x00000000a1400000| Untracked 
| 505|0x00000000a1500000, 0x00000000a1500000, 0x00000000a1600000|  0%| F|  |TAMS 0x00000000a1500000, 0x00000000a1500000| Untracked 
| 506|0x00000000a1600000, 0x00000000a1600000, 0x00000000a1700000|  0%| F|  |TAMS 0x00000000a1600000, 0x00000000a1600000| Untracked 
| 507|0x00000000a1700000, 0x00000000a1700000, 0x00000000a1800000|  0%| F|  |TAMS 0x00000000a1700000, 0x00000000a1700000| Untracked 
| 508|0x00000000a1800000, 0x00000000a1800000, 0x00000000a1900000|  0%| F|  |TAMS 0x00000000a1800000, 0x00000000a1800000| Untracked 
| 509|0x00000000a1900000, 0x00000000a1900000, 0x00000000a1a00000|  0%| F|  |TAMS 0x00000000a1900000, 0x00000000a1900000| Untracked 
| 510|0x00000000a1a00000, 0x00000000a1a00000, 0x00000000a1b00000|  0%| F|  |TAMS 0x00000000a1a00000, 0x00000000a1a00000| Untracked 
| 511|0x00000000a1b00000, 0x00000000a1b00000, 0x00000000a1c00000|  0%| F|  |TAMS 0x00000000a1b00000, 0x00000000a1b00000| Untracked 
| 512|0x00000000a1c00000, 0x00000000a1c00000, 0x00000000a1d00000|  0%| F|  |TAMS 0x00000000a1c00000, 0x00000000a1c00000| Untracked 
| 513|0x00000000a1d00000, 0x00000000a1d00000, 0x00000000a1e00000|  0%| F|  |TAMS 0x00000000a1d00000, 0x00000000a1d00000| Untracked 
| 514|0x00000000a1e00000, 0x00000000a1e00000, 0x00000000a1f00000|  0%| F|  |TAMS 0x00000000a1e00000, 0x00000000a1e00000| Untracked 
| 515|0x00000000a1f00000, 0x00000000a1f00000, 0x00000000a2000000|  0%| F|  |TAMS 0x00000000a1f00000, 0x00000000a1f00000| Untracked 
| 516|0x00000000a2000000, 0x00000000a2000000, 0x00000000a2100000|  0%| F|  |TAMS 0x00000000a2000000, 0x00000000a2000000| Untracked 
| 517|0x00000000a2100000, 0x00000000a2100000, 0x00000000a2200000|  0%| F|  |TAMS 0x00000000a2100000, 0x00000000a2100000| Untracked 
| 518|0x00000000a2200000, 0x00000000a2200000, 0x00000000a2300000|  0%| F|  |TAMS 0x00000000a2200000, 0x00000000a2200000| Untracked 
| 519|0x00000000a2300000, 0x00000000a2300000, 0x00000000a2400000|  0%| F|  |TAMS 0x00000000a2300000, 0x00000000a2300000| Untracked 
| 520|0x00000000a2400000, 0x00000000a2400000, 0x00000000a2500000|  0%| F|  |TAMS 0x00000000a2400000, 0x00000000a2400000| Untracked 
| 521|0x00000000a2500000, 0x00000000a2500000, 0x00000000a2600000|  0%| F|  |TAMS 0x00000000a2500000, 0x00000000a2500000| Untracked 
| 522|0x00000000a2600000, 0x00000000a2600000, 0x00000000a2700000|  0%| F|  |TAMS 0x00000000a2600000, 0x00000000a2600000| Untracked 
| 523|0x00000000a2700000, 0x00000000a2700000, 0x00000000a2800000|  0%| F|  |TAMS 0x00000000a2700000, 0x00000000a2700000| Untracked 
| 524|0x00000000a2800000, 0x00000000a2800000, 0x00000000a2900000|  0%| F|  |TAMS 0x00000000a2800000, 0x00000000a2800000| Untracked 
| 525|0x00000000a2900000, 0x00000000a2900000, 0x00000000a2a00000|  0%| F|  |TAMS 0x00000000a2900000, 0x00000000a2900000| Untracked 
| 526|0x00000000a2a00000, 0x00000000a2a00000, 0x00000000a2b00000|  0%| F|  |TAMS 0x00000000a2a00000, 0x00000000a2a00000| Untracked 
| 527|0x00000000a2b00000, 0x00000000a2b00000, 0x00000000a2c00000|  0%| F|  |TAMS 0x00000000a2b00000, 0x00000000a2b00000| Untracked 
| 528|0x00000000a2c00000, 0x00000000a2c00000, 0x00000000a2d00000|  0%| F|  |TAMS 0x00000000a2c00000, 0x00000000a2c00000| Untracked 
| 529|0x00000000a2d00000, 0x00000000a2d00000, 0x00000000a2e00000|  0%| F|  |TAMS 0x00000000a2d00000, 0x00000000a2d00000| Untracked 
| 530|0x00000000a2e00000, 0x00000000a2e00000, 0x00000000a2f00000|  0%| F|  |TAMS 0x00000000a2e00000, 0x00000000a2e00000| Untracked 
| 531|0x00000000a2f00000, 0x00000000a2f00000, 0x00000000a3000000|  0%| F|  |TAMS 0x00000000a2f00000, 0x00000000a2f00000| Untracked 
| 532|0x00000000a3000000, 0x00000000a3000000, 0x00000000a3100000|  0%| F|  |TAMS 0x00000000a3000000, 0x00000000a3000000| Untracked 
| 533|0x00000000a3100000, 0x00000000a3100000, 0x00000000a3200000|  0%| F|  |TAMS 0x00000000a3100000, 0x00000000a3100000| Untracked 
| 534|0x00000000a3200000, 0x00000000a3200000, 0x00000000a3300000|  0%| F|  |TAMS 0x00000000a3200000, 0x00000000a3200000| Untracked 
| 535|0x00000000a3300000, 0x00000000a3300000, 0x00000000a3400000|  0%| F|  |TAMS 0x00000000a3300000, 0x00000000a3300000| Untracked 
| 536|0x00000000a3400000, 0x00000000a3400000, 0x00000000a3500000|  0%| F|  |TAMS 0x00000000a3400000, 0x00000000a3400000| Untracked 
| 537|0x00000000a3500000, 0x00000000a3500000, 0x00000000a3600000|  0%| F|  |TAMS 0x00000000a3500000, 0x00000000a3500000| Untracked 
| 538|0x00000000a3600000, 0x00000000a3600000, 0x00000000a3700000|  0%| F|  |TAMS 0x00000000a3600000, 0x00000000a3600000| Untracked 
| 539|0x00000000a3700000, 0x00000000a3700000, 0x00000000a3800000|  0%| F|  |TAMS 0x00000000a3700000, 0x00000000a3700000| Untracked 
| 540|0x00000000a3800000, 0x00000000a3800000, 0x00000000a3900000|  0%| F|  |TAMS 0x00000000a3800000, 0x00000000a3800000| Untracked 
| 541|0x00000000a3900000, 0x00000000a3900000, 0x00000000a3a00000|  0%| F|  |TAMS 0x00000000a3900000, 0x00000000a3900000| Untracked 
| 542|0x00000000a3a00000, 0x00000000a3a00000, 0x00000000a3b00000|  0%| F|  |TAMS 0x00000000a3a00000, 0x00000000a3a00000| Untracked 
| 543|0x00000000a3b00000, 0x00000000a3b00000, 0x00000000a3c00000|  0%| F|  |TAMS 0x00000000a3b00000, 0x00000000a3b00000| Untracked 
| 544|0x00000000a3c00000, 0x00000000a3c00000, 0x00000000a3d00000|  0%| F|  |TAMS 0x00000000a3c00000, 0x00000000a3c00000| Untracked 
| 545|0x00000000a3d00000, 0x00000000a3d00000, 0x00000000a3e00000|  0%| F|  |TAMS 0x00000000a3d00000, 0x00000000a3d00000| Untracked 
| 546|0x00000000a3e00000, 0x00000000a3e00000, 0x00000000a3f00000|  0%| F|  |TAMS 0x00000000a3e00000, 0x00000000a3e00000| Untracked 
| 547|0x00000000a3f00000, 0x00000000a3f00000, 0x00000000a4000000|  0%| F|  |TAMS 0x00000000a3f00000, 0x00000000a3f00000| Untracked 
| 548|0x00000000a4000000, 0x00000000a4000000, 0x00000000a4100000|  0%| F|  |TAMS 0x00000000a4000000, 0x00000000a4000000| Untracked 
| 549|0x00000000a4100000, 0x00000000a4100000, 0x00000000a4200000|  0%| F|  |TAMS 0x00000000a4100000, 0x00000000a4100000| Untracked 
| 550|0x00000000a4200000, 0x00000000a4200000, 0x00000000a4300000|  0%| F|  |TAMS 0x00000000a4200000, 0x00000000a4200000| Untracked 
| 551|0x00000000a4300000, 0x00000000a4300000, 0x00000000a4400000|  0%| F|  |TAMS 0x00000000a4300000, 0x00000000a4300000| Untracked 
| 552|0x00000000a4400000, 0x00000000a4400000, 0x00000000a4500000|  0%| F|  |TAMS 0x00000000a4400000, 0x00000000a4400000| Untracked 
| 553|0x00000000a4500000, 0x00000000a4500000, 0x00000000a4600000|  0%| F|  |TAMS 0x00000000a4500000, 0x00000000a4500000| Untracked 
| 554|0x00000000a4600000, 0x00000000a4600000, 0x00000000a4700000|  0%| F|  |TAMS 0x00000000a4600000, 0x00000000a4600000| Untracked 
| 555|0x00000000a4700000, 0x00000000a4700000, 0x00000000a4800000|  0%| F|  |TAMS 0x00000000a4700000, 0x00000000a4700000| Untracked 
| 556|0x00000000a4800000, 0x00000000a4800000, 0x00000000a4900000|  0%| F|  |TAMS 0x00000000a4800000, 0x00000000a4800000| Untracked 
| 557|0x00000000a4900000, 0x00000000a4900000, 0x00000000a4a00000|  0%| F|  |TAMS 0x00000000a4900000, 0x00000000a4900000| Untracked 
| 558|0x00000000a4a00000, 0x00000000a4a00000, 0x00000000a4b00000|  0%| F|  |TAMS 0x00000000a4a00000, 0x00000000a4a00000| Untracked 
| 559|0x00000000a4b00000, 0x00000000a4b00000, 0x00000000a4c00000|  0%| F|  |TAMS 0x00000000a4b00000, 0x00000000a4b00000| Untracked 
| 560|0x00000000a4c00000, 0x00000000a4c00000, 0x00000000a4d00000|  0%| F|  |TAMS 0x00000000a4c00000, 0x00000000a4c00000| Untracked 
| 561|0x00000000a4d00000, 0x00000000a4d00000, 0x00000000a4e00000|  0%| F|  |TAMS 0x00000000a4d00000, 0x00000000a4d00000| Untracked 
| 562|0x00000000a4e00000, 0x00000000a4e00000, 0x00000000a4f00000|  0%| F|  |TAMS 0x00000000a4e00000, 0x00000000a4e00000| Untracked 
| 563|0x00000000a4f00000, 0x00000000a4f00000, 0x00000000a5000000|  0%| F|  |TAMS 0x00000000a4f00000, 0x00000000a4f00000| Untracked 
| 564|0x00000000a5000000, 0x00000000a5000000, 0x00000000a5100000|  0%| F|  |TAMS 0x00000000a5000000, 0x00000000a5000000| Untracked 
| 565|0x00000000a5100000, 0x00000000a5100000, 0x00000000a5200000|  0%| F|  |TAMS 0x00000000a5100000, 0x00000000a5100000| Untracked 
| 566|0x00000000a5200000, 0x00000000a5200000, 0x00000000a5300000|  0%| F|  |TAMS 0x00000000a5200000, 0x00000000a5200000| Untracked 
| 567|0x00000000a5300000, 0x00000000a5300000, 0x00000000a5400000|  0%| F|  |TAMS 0x00000000a5300000, 0x00000000a5300000| Untracked 
| 568|0x00000000a5400000, 0x00000000a5400000, 0x00000000a5500000|  0%| F|  |TAMS 0x00000000a5400000, 0x00000000a5400000| Untracked 
| 569|0x00000000a5500000, 0x00000000a5500000, 0x00000000a5600000|  0%| F|  |TAMS 0x00000000a5500000, 0x00000000a5500000| Untracked 
| 570|0x00000000a5600000, 0x00000000a5600000, 0x00000000a5700000|  0%| F|  |TAMS 0x00000000a5600000, 0x00000000a5600000| Untracked 
| 571|0x00000000a5700000, 0x00000000a5700000, 0x00000000a5800000|  0%| F|  |TAMS 0x00000000a5700000, 0x00000000a5700000| Untracked 
| 572|0x00000000a5800000, 0x00000000a5800000, 0x00000000a5900000|  0%| F|  |TAMS 0x00000000a5800000, 0x00000000a5800000| Untracked 
| 573|0x00000000a5900000, 0x00000000a5900000, 0x00000000a5a00000|  0%| F|  |TAMS 0x00000000a5900000, 0x00000000a5900000| Untracked 
| 574|0x00000000a5a00000, 0x00000000a5a00000, 0x00000000a5b00000|  0%| F|  |TAMS 0x00000000a5a00000, 0x00000000a5a00000| Untracked 
| 575|0x00000000a5b00000, 0x00000000a5b00000, 0x00000000a5c00000|  0%| F|  |TAMS 0x00000000a5b00000, 0x00000000a5b00000| Untracked 
| 576|0x00000000a5c00000, 0x00000000a5c00000, 0x00000000a5d00000|  0%| F|  |TAMS 0x00000000a5c00000, 0x00000000a5c00000| Untracked 
| 577|0x00000000a5d00000, 0x00000000a5d00000, 0x00000000a5e00000|  0%| F|  |TAMS 0x00000000a5d00000, 0x00000000a5d00000| Untracked 
| 578|0x00000000a5e00000, 0x00000000a5e00000, 0x00000000a5f00000|  0%| F|  |TAMS 0x00000000a5e00000, 0x00000000a5e00000| Untracked 
| 579|0x00000000a5f00000, 0x00000000a5f00000, 0x00000000a6000000|  0%| F|  |TAMS 0x00000000a5f00000, 0x00000000a5f00000| Untracked 
| 580|0x00000000a6000000, 0x00000000a6000000, 0x00000000a6100000|  0%| F|  |TAMS 0x00000000a6000000, 0x00000000a6000000| Untracked 
| 581|0x00000000a6100000, 0x00000000a6100000, 0x00000000a6200000|  0%| F|  |TAMS 0x00000000a6100000, 0x00000000a6100000| Untracked 
| 582|0x00000000a6200000, 0x00000000a6200000, 0x00000000a6300000|  0%| F|  |TAMS 0x00000000a6200000, 0x00000000a6200000| Untracked 
| 583|0x00000000a6300000, 0x00000000a6300000, 0x00000000a6400000|  0%| F|  |TAMS 0x00000000a6300000, 0x00000000a6300000| Untracked 
| 584|0x00000000a6400000, 0x00000000a6400000, 0x00000000a6500000|  0%| F|  |TAMS 0x00000000a6400000, 0x00000000a6400000| Untracked 
| 585|0x00000000a6500000, 0x00000000a6500000, 0x00000000a6600000|  0%| F|  |TAMS 0x00000000a6500000, 0x00000000a6500000| Untracked 
| 586|0x00000000a6600000, 0x00000000a6600000, 0x00000000a6700000|  0%| F|  |TAMS 0x00000000a6600000, 0x00000000a6600000| Untracked 
| 587|0x00000000a6700000, 0x00000000a6700000, 0x00000000a6800000|  0%| F|  |TAMS 0x00000000a6700000, 0x00000000a6700000| Untracked 
| 588|0x00000000a6800000, 0x00000000a6800000, 0x00000000a6900000|  0%| F|  |TAMS 0x00000000a6800000, 0x00000000a6800000| Untracked 
| 589|0x00000000a6900000, 0x00000000a6900000, 0x00000000a6a00000|  0%| F|  |TAMS 0x00000000a6900000, 0x00000000a6900000| Untracked 
| 590|0x00000000a6a00000, 0x00000000a6a00000, 0x00000000a6b00000|  0%| F|  |TAMS 0x00000000a6a00000, 0x00000000a6a00000| Untracked 
| 591|0x00000000a6b00000, 0x00000000a6b00000, 0x00000000a6c00000|  0%| F|  |TAMS 0x00000000a6b00000, 0x00000000a6b00000| Untracked 
| 592|0x00000000a6c00000, 0x00000000a6c00000, 0x00000000a6d00000|  0%| F|  |TAMS 0x00000000a6c00000, 0x00000000a6c00000| Untracked 
| 593|0x00000000a6d00000, 0x00000000a6d00000, 0x00000000a6e00000|  0%| F|  |TAMS 0x00000000a6d00000, 0x00000000a6d00000| Untracked 
| 594|0x00000000a6e00000, 0x00000000a6e00000, 0x00000000a6f00000|  0%| F|  |TAMS 0x00000000a6e00000, 0x00000000a6e00000| Untracked 
| 595|0x00000000a6f00000, 0x00000000a6f00000, 0x00000000a7000000|  0%| F|  |TAMS 0x00000000a6f00000, 0x00000000a6f00000| Untracked 
| 596|0x00000000a7000000, 0x00000000a7000000, 0x00000000a7100000|  0%| F|  |TAMS 0x00000000a7000000, 0x00000000a7000000| Untracked 
| 597|0x00000000a7100000, 0x00000000a7100000, 0x00000000a7200000|  0%| F|  |TAMS 0x00000000a7100000, 0x00000000a7100000| Untracked 
| 598|0x00000000a7200000, 0x00000000a7200000, 0x00000000a7300000|  0%| F|  |TAMS 0x00000000a7200000, 0x00000000a7200000| Untracked 
| 599|0x00000000a7300000, 0x00000000a7300000, 0x00000000a7400000|  0%| F|  |TAMS 0x00000000a7300000, 0x00000000a7300000| Untracked 
| 600|0x00000000a7400000, 0x00000000a7400000, 0x00000000a7500000|  0%| F|  |TAMS 0x00000000a7400000, 0x00000000a7400000| Untracked 
| 601|0x00000000a7500000, 0x00000000a7500000, 0x00000000a7600000|  0%| F|  |TAMS 0x00000000a7500000, 0x00000000a7500000| Untracked 
| 602|0x00000000a7600000, 0x00000000a7600000, 0x00000000a7700000|  0%| F|  |TAMS 0x00000000a7600000, 0x00000000a7600000| Untracked 
| 603|0x00000000a7700000, 0x00000000a7700000, 0x00000000a7800000|  0%| F|  |TAMS 0x00000000a7700000, 0x00000000a7700000| Untracked 
| 604|0x00000000a7800000, 0x00000000a7800000, 0x00000000a7900000|  0%| F|  |TAMS 0x00000000a7800000, 0x00000000a7800000| Untracked 
| 605|0x00000000a7900000, 0x00000000a7900000, 0x00000000a7a00000|  0%| F|  |TAMS 0x00000000a7900000, 0x00000000a7900000| Untracked 
| 606|0x00000000a7a00000, 0x00000000a7a00000, 0x00000000a7b00000|  0%| F|  |TAMS 0x00000000a7a00000, 0x00000000a7a00000| Untracked 
| 607|0x00000000a7b00000, 0x00000000a7b00000, 0x00000000a7c00000|  0%| F|  |TAMS 0x00000000a7b00000, 0x00000000a7b00000| Untracked 
| 608|0x00000000a7c00000, 0x00000000a7c00000, 0x00000000a7d00000|  0%| F|  |TAMS 0x00000000a7c00000, 0x00000000a7c00000| Untracked 
| 609|0x00000000a7d00000, 0x00000000a7d00000, 0x00000000a7e00000|  0%| F|  |TAMS 0x00000000a7d00000, 0x00000000a7d00000| Untracked 
| 610|0x00000000a7e00000, 0x00000000a7e00000, 0x00000000a7f00000|  0%| F|  |TAMS 0x00000000a7e00000, 0x00000000a7e00000| Untracked 
| 611|0x00000000a7f00000, 0x00000000a7f00000, 0x00000000a8000000|  0%| F|  |TAMS 0x00000000a7f00000, 0x00000000a7f00000| Untracked 
| 612|0x00000000a8000000, 0x00000000a8000000, 0x00000000a8100000|  0%| F|  |TAMS 0x00000000a8000000, 0x00000000a8000000| Untracked 
| 613|0x00000000a8100000, 0x00000000a8100000, 0x00000000a8200000|  0%| F|  |TAMS 0x00000000a8100000, 0x00000000a8100000| Untracked 
| 614|0x00000000a8200000, 0x00000000a8200000, 0x00000000a8300000|  0%| F|  |TAMS 0x00000000a8200000, 0x00000000a8200000| Untracked 
| 615|0x00000000a8300000, 0x00000000a8300000, 0x00000000a8400000|  0%| F|  |TAMS 0x00000000a8300000, 0x00000000a8300000| Untracked 
| 616|0x00000000a8400000, 0x00000000a8400000, 0x00000000a8500000|  0%| F|  |TAMS 0x00000000a8400000, 0x00000000a8400000| Untracked 
| 617|0x00000000a8500000, 0x00000000a8500000, 0x00000000a8600000|  0%| F|  |TAMS 0x00000000a8500000, 0x00000000a8500000| Untracked 
| 618|0x00000000a8600000, 0x00000000a8600000, 0x00000000a8700000|  0%| F|  |TAMS 0x00000000a8600000, 0x00000000a8600000| Untracked 
| 619|0x00000000a8700000, 0x00000000a8700000, 0x00000000a8800000|  0%| F|  |TAMS 0x00000000a8700000, 0x00000000a8700000| Untracked 
| 620|0x00000000a8800000, 0x00000000a8800000, 0x00000000a8900000|  0%| F|  |TAMS 0x00000000a8800000, 0x00000000a8800000| Untracked 
| 621|0x00000000a8900000, 0x00000000a8900000, 0x00000000a8a00000|  0%| F|  |TAMS 0x00000000a8900000, 0x00000000a8900000| Untracked 
| 622|0x00000000a8a00000, 0x00000000a8a00000, 0x00000000a8b00000|  0%| F|  |TAMS 0x00000000a8a00000, 0x00000000a8a00000| Untracked 
| 623|0x00000000a8b00000, 0x00000000a8b00000, 0x00000000a8c00000|  0%| F|  |TAMS 0x00000000a8b00000, 0x00000000a8b00000| Untracked 
| 624|0x00000000a8c00000, 0x00000000a8c00000, 0x00000000a8d00000|  0%| F|  |TAMS 0x00000000a8c00000, 0x00000000a8c00000| Untracked 
| 625|0x00000000a8d00000, 0x00000000a8d00000, 0x00000000a8e00000|  0%| F|  |TAMS 0x00000000a8d00000, 0x00000000a8d00000| Untracked 
| 626|0x00000000a8e00000, 0x00000000a8e00000, 0x00000000a8f00000|  0%| F|  |TAMS 0x00000000a8e00000, 0x00000000a8e00000| Untracked 
| 627|0x00000000a8f00000, 0x00000000a8f00000, 0x00000000a9000000|  0%| F|  |TAMS 0x00000000a8f00000, 0x00000000a8f00000| Untracked 
| 628|0x00000000a9000000, 0x00000000a9000000, 0x00000000a9100000|  0%| F|  |TAMS 0x00000000a9000000, 0x00000000a9000000| Untracked 
| 629|0x00000000a9100000, 0x00000000a9100000, 0x00000000a9200000|  0%| F|  |TAMS 0x00000000a9100000, 0x00000000a9100000| Untracked 
| 630|0x00000000a9200000, 0x00000000a9200000, 0x00000000a9300000|  0%| F|  |TAMS 0x00000000a9200000, 0x00000000a9200000| Untracked 
| 631|0x00000000a9300000, 0x00000000a9300000, 0x00000000a9400000|  0%| F|  |TAMS 0x00000000a9300000, 0x00000000a9300000| Untracked 
| 632|0x00000000a9400000, 0x00000000a9400000, 0x00000000a9500000|  0%| F|  |TAMS 0x00000000a9400000, 0x00000000a9400000| Untracked 
| 633|0x00000000a9500000, 0x00000000a9500000, 0x00000000a9600000|  0%| F|  |TAMS 0x00000000a9500000, 0x00000000a9500000| Untracked 

Card table byte_map: [0x0000017b5ba40000,0x0000017b5be40000] _byte_map_base: 0x0000017b5b632000

Marking Bits (Prev, Next): (CMBitMap*) 0x0000017b44dfd970, (CMBitMap*) 0x0000017b44dfd9b0
 Prev Bits: [0x0000017b5c240000, 0x0000017b5e1d0000)
 Next Bits: [0x0000017b5e1d0000, 0x0000017b60160000)

Polling page: 0x0000017b42c60000

Metaspace:

Usage:
  Non-class:    153.55 MB used.
      Class:     21.60 MB used.
       Both:    175.14 MB used.

Virtual space:
  Non-class space:      192.00 MB reserved,     154.00 MB ( 80%) committed,  3 nodes.
      Class space:        1.00 GB reserved,      21.94 MB (  2%) committed,  1 nodes.
             Both:        1.19 GB reserved,     175.94 MB ( 14%) committed. 

Chunk freelists:
   Non-Class:  5.31 MB
       Class:  9.91 MB
        Both:  15.22 MB

MaxMetaspaceSize: unlimited
CompressedClassSpaceSize: 1.00 GB
Initial GC threshold: 21.00 MB
Current GC threshold: 293.25 MB
CDS: on
MetaspaceReclaimPolicy: balanced
 - commit_granule_bytes: 65536.
 - commit_granule_words: 8192.
 - virtual_space_node_default_size: 8388608.
 - enlarge_chunks_in_place: 1.
 - new_chunks_are_fully_committed: 0.
 - uncommit_free_chunks: 1.
 - use_allocation_guard: 0.
 - handle_deallocations: 1.


Internal statistics:

num_allocs_failed_limit: 17.
num_arena_births: 1248.
num_arena_deaths: 64.
num_vsnodes_births: 4.
num_vsnodes_deaths: 0.
num_space_committed: 2815.
num_space_uncommitted: 0.
num_chunks_returned_to_freelist: 91.
num_chunks_taken_from_freelist: 7524.
num_chunk_merges: 28.
num_chunk_splits: 6039.
num_chunks_enlarged: 5351.
num_inconsistent_stats: 0.

CodeHeap 'non-profiled nmethods': size=120000Kb used=9431Kb max_used=9431Kb free=110568Kb
 bounds [0x0000017b54110000, 0x0000017b54a50000, 0x0000017b5b640000]
CodeHeap 'profiled nmethods': size=120000Kb used=21195Kb max_used=21195Kb free=98804Kb
 bounds [0x0000017b4c640000, 0x0000017b4db00000, 0x0000017b53b70000]
CodeHeap 'non-nmethods': size=5760Kb used=1726Kb max_used=1807Kb free=4033Kb
 bounds [0x0000017b53b70000, 0x0000017b53de0000, 0x0000017b54110000]
 total_blobs=14213 nmethods=13125 adapters=999
 compilation: enabled
              stopped_count=0, restarted_count=0
 full_count=0

Compilation events (20 events):
Event: 59.176 Thread 0x0000017b62625e30 nmethod 15883 0x0000017b4daed490 code [0x0000017b4daed6c0, 0x0000017b4daede38]
Event: 59.176 Thread 0x0000017b62625e30 15884       3       com.daml.lf.archive.DecodeCommon$Env::decodeInterfaceMethod (16 bytes)
Event: 59.177 Thread 0x0000017b62625e30 nmethod 15884 0x0000017b4daee190 code [0x0000017b4daee3a0, 0x0000017b4daeea98]
Event: 59.181 Thread 0x0000017b62625e30 15885       3       com.daml.daml_lf_dev.DamlLf1$Expr::getThrow (21 bytes)
Event: 59.181 Thread 0x0000017b62625e30 nmethod 15885 0x0000017b4daeed90 code [0x0000017b4daeef40, 0x0000017b4daef218]
Event: 59.181 Thread 0x0000017b62625e30 15886       3       com.daml.daml_lf_dev.DamlLf1$Expr$Throw::getReturnType (18 bytes)
Event: 59.181 Thread 0x0000017b62625e30 nmethod 15886 0x0000017b4daef310 code [0x0000017b4daef4a0, 0x0000017b4daef658]
Event: 59.181 Thread 0x0000017b62625e30 15887       3       com.daml.lf.archive.DecodeCommon$Env$$Lambda$6994/0x0000017b021b5f70::apply (20 bytes)
Event: 59.182 Thread 0x0000017b62625e30 nmethod 15887 0x0000017b4daef710 code [0x0000017b4daef8c0, 0x0000017b4daefb08]
Event: 59.182 Thread 0x0000017b62625e30 15888       3       com.daml.lf.archive.DecodeCommon$Env::$anonfun$decodeExpr1$89 (18 bytes)
Event: 59.183 Thread 0x0000017b62625e30 nmethod 15888 0x0000017b4daefc10 code [0x0000017b4daefe40, 0x0000017b4daf06b8]
Event: 59.183 Thread 0x0000017b62625e30 15891       3       com.digitalasset.canton.util.Thereafter$FutureThereafter$$$Lambda$1748/0x0000017b015a6430::apply (12 bytes)
Event: 59.183 Thread 0x0000017b62625e30 nmethod 15891 0x0000017b4daf0a10 code [0x0000017b4daf0bc0, 0x0000017b4daf0de8]
Event: 59.183 Thread 0x0000017b62625e30 15889       3       com.daml.lf.archive.DecodeCommon$Env$$Lambda$6995/0x0000017b021b6338::<init> (26 bytes)
Event: 59.183 Thread 0x0000017b62625e30 nmethod 15889 0x0000017b4daf0e90 code [0x0000017b4daf1040, 0x0000017b4daf1318]
Event: 59.183 Thread 0x0000017b62625e30 15890       3       com.daml.lf.archive.DecodeCommon$Env$$Lambda$6995/0x0000017b021b6338::apply (24 bytes)
Event: 59.183 Thread 0x0000017b62625e30 nmethod 15890 0x0000017b4daf1410 code [0x0000017b4daf15c0, 0x0000017b4daf1808]
Event: 59.193 Thread 0x0000017b71dbc5a0 15892       4       scala.collection.ArrayOps$::map$extension (484 bytes)
Event: 59.236 Thread 0x0000017b62625e30 15893       3       scala.collection.immutable.HashSetBuilder::result (53 bytes)
Event: 59.238 Thread 0x0000017b62625e30 nmethod 15893 0x0000017b4daf1910 code [0x0000017b4daf1be0, 0x0000017b4daf2ae8]

GC Heap History (20 events):
Event: 53.850 GC heap after
{Heap after GC invocations=69 (full 0):
 garbage-first heap   total 406528K, used 188830K [0x0000000081c00000, 0x0000000100000000)
  region size 1024K, 18 young (18432K), 18 survivors (18432K)
 Metaspace       used 179228K, committed 180096K, reserved 1245184K
  class space    used 22108K, committed 22464K, reserved 1048576K
}
Event: 54.151 GC heap before
{Heap before GC invocations=69 (full 0):
 garbage-first heap   total 406528K, used 325022K [0x0000000081c00000, 0x0000000100000000)
  region size 1024K, 151 young (154624K), 18 survivors (18432K)
 Metaspace       used 179233K, committed 180096K, reserved 1245184K
  class space    used 22108K, committed 22464K, reserved 1048576K
}
Event: 54.205 GC heap after
{Heap after GC invocations=70 (full 0):
 garbage-first heap   total 406528K, used 199929K [0x0000000081c00000, 0x0000000100000000)
  region size 1024K, 19 young (19456K), 19 survivors (19456K)
 Metaspace       used 179233K, committed 180096K, reserved 1245184K
  class space    used 22108K, committed 22464K, reserved 1048576K
}
Event: 54.617 GC heap before
{Heap before GC invocations=70 (full 0):
 garbage-first heap   total 406528K, used 320761K [0x0000000081c00000, 0x0000000100000000)
  region size 1024K, 138 young (141312K), 19 survivors (19456K)
 Metaspace       used 179269K, committed 180160K, reserved 1245184K
  class space    used 22108K, committed 22464K, reserved 1048576K
}
Event: 54.650 GC heap after
{Heap after GC invocations=71 (full 0):
 garbage-first heap   total 406528K, used 207360K [0x0000000081c00000, 0x0000000100000000)
  region size 1024K, 18 young (18432K), 18 survivors (18432K)
 Metaspace       used 179269K, committed 180160K, reserved 1245184K
  class space    used 22108K, committed 22464K, reserved 1048576K
}
Event: 54.885 GC heap before
{Heap before GC invocations=71 (full 0):
 garbage-first heap   total 406528K, used 321024K [0x0000000081c00000, 0x0000000100000000)
  region size 1024K, 129 young (132096K), 18 survivors (18432K)
 Metaspace       used 179302K, committed 180160K, reserved 1245184K
  class space    used 22108K, committed 22464K, reserved 1048576K
}
Event: 54.925 GC heap after
{Heap after GC invocations=72 (full 0):
 garbage-first heap   total 406528K, used 213504K [0x0000000081c00000, 0x0000000100000000)
  region size 1024K, 17 young (17408K), 17 survivors (17408K)
 Metaspace       used 179302K, committed 180160K, reserved 1245184K
  class space    used 22108K, committed 22464K, reserved 1048576K
}
Event: 55.493 GC heap before
{Heap before GC invocations=72 (full 0):
 garbage-first heap   total 406528K, used 262656K [0x0000000081c00000, 0x0000000100000000)
  region size 1024K, 123 young (125952K), 17 survivors (17408K)
 Metaspace       used 179328K, committed 180160K, reserved 1245184K
  class space    used 22108K, committed 22464K, reserved 1048576K
}
Event: 55.529 GC heap after
{Heap after GC invocations=73 (full 0):
 garbage-first heap   total 649216K, used 157184K [0x0000000081c00000, 0x0000000100000000)
  region size 1024K, 14 young (14336K), 14 survivors (14336K)
 Metaspace       used 179328K, committed 180160K, reserved 1245184K
  class space    used 22108K, committed 22464K, reserved 1048576K
}
Event: 56.382 GC heap before
{Heap before GC invocations=74 (full 0):
 garbage-first heap   total 649216K, used 498176K [0x0000000081c00000, 0x0000000100000000)
  region size 1024K, 347 young (355328K), 14 survivors (14336K)
 Metaspace       used 179341K, committed 180160K, reserved 1245184K
  class space    used 22112K, committed 22464K, reserved 1048576K
}
Event: 56.453 GC heap after
{Heap after GC invocations=75 (full 0):
 garbage-first heap   total 649216K, used 169984K [0x0000000081c00000, 0x0000000100000000)
  region size 1024K, 26 young (26624K), 26 survivors (26624K)
 Metaspace       used 179341K, committed 180160K, reserved 1245184K
  class space    used 22112K, committed 22464K, reserved 1048576K
}
Event: 56.460 GC heap before
{Heap before GC invocations=75 (full 0):
 garbage-first heap   total 649216K, used 174080K [0x0000000081c00000, 0x0000000100000000)
  region size 1024K, 31 young (31744K), 26 survivors (26624K)
 Metaspace       used 179341K, committed 180160K, reserved 1245184K
  class space    used 22112K, committed 22464K, reserved 1048576K
}
Event: 56.505 GC heap after
{Heap after GC invocations=76 (full 0):
 garbage-first heap   total 649216K, used 147703K [0x0000000081c00000, 0x0000000100000000)
  region size 1024K, 2 young (2048K), 2 survivors (2048K)
 Metaspace       used 179341K, committed 180160K, reserved 1245184K
  class space    used 22112K, committed 22464K, reserved 1048576K
}
Event: 57.815 GC heap before
{Heap before GC invocations=76 (full 0):
 garbage-first heap   total 649216K, used 516343K [0x0000000081c00000, 0x0000000100000000)
  region size 1024K, 362 young (370688K), 2 survivors (2048K)
 Metaspace       used 179341K, committed 180160K, reserved 1245184K
  class space    used 22112K, committed 22464K, reserved 1048576K
}
Event: 57.855 GC heap after
{Heap after GC invocations=77 (full 0):
 garbage-first heap   total 649216K, used 169822K [0x0000000081c00000, 0x0000000100000000)
  region size 1024K, 24 young (24576K), 24 survivors (24576K)
 Metaspace       used 179341K, committed 180160K, reserved 1245184K
  class space    used 22112K, committed 22464K, reserved 1048576K
}
Event: 58.540 GC heap before
{Heap before GC invocations=77 (full 0):
 garbage-first heap   total 649216K, used 512862K [0x0000000081c00000, 0x0000000100000000)
  region size 1024K, 360 young (368640K), 24 survivors (24576K)
 Metaspace       used 179341K, committed 180160K, reserved 1245184K
  class space    used 22112K, committed 22464K, reserved 1048576K
}
Event: 58.577 GC heap after
{Heap after GC invocations=78 (full 0):
 garbage-first heap   total 649216K, used 168660K [0x0000000081c00000, 0x0000000100000000)
  region size 1024K, 18 young (18432K), 18 survivors (18432K)
 Metaspace       used 179341K, committed 180160K, reserved 1245184K
  class space    used 22112K, committed 22464K, reserved 1048576K
}
Event: 58.850 GC heap before
{Heap before GC invocations=78 (full 0):
 garbage-first heap   total 649216K, used 516820K [0x0000000081c00000, 0x0000000100000000)
  region size 1024K, 358 young (366592K), 18 survivors (18432K)
 Metaspace       used 179341K, committed 180160K, reserved 1245184K
  class space    used 22112K, committed 22464K, reserved 1048576K
}
Event: 58.876 GC heap after
{Heap after GC invocations=79 (full 0):
 garbage-first heap   total 649216K, used 169684K [0x0000000081c00000, 0x0000000100000000)
  region size 1024K, 19 young (19456K), 19 survivors (19456K)
 Metaspace       used 179341K, committed 180160K, reserved 1245184K
  class space    used 22112K, committed 22464K, reserved 1048576K
}
Event: 59.270 GC heap before
{Heap before GC invocations=79 (full 0):
 garbage-first heap   total 649216K, used 516820K [0x0000000081c00000, 0x0000000100000000)
  region size 1024K, 358 young (366592K), 19 survivors (19456K)
 Metaspace       used 179346K, committed 180160K, reserved 1245184K
  class space    used 22114K, committed 22464K, reserved 1048576K
}

Deoptimization events (20 events):
Event: 52.514 Thread 0x0000017b718c9d00 DEOPT PACKING pc=0x0000017b54920dec sp=0x00000062df7fe2f0
Event: 52.514 Thread 0x0000017b718c9d00 DEOPT UNPACKING pc=0x0000017b53bc23a3 sp=0x00000062df7fe0e0 mode 2
Event: 52.720 Thread 0x0000017b6a50fd70 DEOPT PACKING pc=0x0000017b4c653263 sp=0x00000062e06fe910
Event: 52.720 Thread 0x0000017b6a50fd70 DEOPT UNPACKING pc=0x0000017b53bc2b43 sp=0x00000062e06fde18 mode 0
Event: 59.185 Thread 0x0000017b6f4edc40 Uncommon trap: trap_request=0xffffffbe fr.pc=0x0000017b54a44a2c relative=0x000000000000140c
Event: 59.185 Thread 0x0000017b6f4edc40 Uncommon trap: reason=profile_predicate action=maybe_recompile pc=0x0000017b54a44a2c method=scala.collection.ArrayOps$.map$extension(Ljava/lang/Object;Lscala/Function1;Lscala/reflect/ClassTag;)Ljava/lang/Object; @ 339 c2
Event: 59.185 Thread 0x0000017b6f4edc40 DEOPT PACKING pc=0x0000017b54a44a2c sp=0x00000062dfcfed90
Event: 59.185 Thread 0x0000017b6f4edc40 DEOPT UNPACKING pc=0x0000017b53bc23a3 sp=0x00000062dfcfed48 mode 2
Event: 59.185 Thread 0x0000017b6f4edc40 Uncommon trap: trap_request=0xffffffbe fr.pc=0x0000017b54a44a2c relative=0x000000000000140c
Event: 59.185 Thread 0x0000017b6f4edc40 Uncommon trap: reason=profile_predicate action=maybe_recompile pc=0x0000017b54a44a2c method=scala.collection.ArrayOps$.map$extension(Ljava/lang/Object;Lscala/Function1;Lscala/reflect/ClassTag;)Ljava/lang/Object; @ 339 c2
Event: 59.186 Thread 0x0000017b6f4edc40 DEOPT PACKING pc=0x0000017b54a44a2c sp=0x00000062dfcfed90
Event: 59.186 Thread 0x0000017b6f4edc40 DEOPT UNPACKING pc=0x0000017b53bc23a3 sp=0x00000062dfcfed48 mode 2
Event: 59.186 Thread 0x0000017b6f4edc40 Uncommon trap: trap_request=0xffffffbe fr.pc=0x0000017b54a44a2c relative=0x000000000000140c
Event: 59.186 Thread 0x0000017b6f4edc40 Uncommon trap: reason=profile_predicate action=maybe_recompile pc=0x0000017b54a44a2c method=scala.collection.ArrayOps$.map$extension(Ljava/lang/Object;Lscala/Function1;Lscala/reflect/ClassTag;)Ljava/lang/Object; @ 339 c2
Event: 59.186 Thread 0x0000017b6f4edc40 DEOPT PACKING pc=0x0000017b54a44a2c sp=0x00000062dfcfed90
Event: 59.186 Thread 0x0000017b6f4edc40 DEOPT UNPACKING pc=0x0000017b53bc23a3 sp=0x00000062dfcfed48 mode 2
Event: 59.187 Thread 0x0000017b6f4edc40 Uncommon trap: trap_request=0xffffffbe fr.pc=0x0000017b54a44a2c relative=0x000000000000140c
Event: 59.187 Thread 0x0000017b6f4edc40 Uncommon trap: reason=profile_predicate action=maybe_recompile pc=0x0000017b54a44a2c method=scala.collection.ArrayOps$.map$extension(Ljava/lang/Object;Lscala/Function1;Lscala/reflect/ClassTag;)Ljava/lang/Object; @ 339 c2
Event: 59.187 Thread 0x0000017b6f4edc40 DEOPT PACKING pc=0x0000017b54a44a2c sp=0x00000062dfcfed90
Event: 59.187 Thread 0x0000017b6f4edc40 DEOPT UNPACKING pc=0x0000017b53bc23a3 sp=0x00000062dfcfed48 mode 2

Classes unloaded (20 events):
Event: 12.900 Thread 0x0000017b625f28b0 Unloading class 0x0000017b018f1c00 'java/lang/invoke/LambdaForm$MH+0x0000017b018f1c00'
Event: 12.900 Thread 0x0000017b625f28b0 Unloading class 0x0000017b018f1400 'java/lang/invoke/LambdaForm$DMH+0x0000017b018f1400'
Event: 12.900 Thread 0x0000017b625f28b0 Unloading class 0x0000017b018f0c00 'java/lang/invoke/LambdaForm$DMH+0x0000017b018f0c00'
Event: 12.900 Thread 0x0000017b625f28b0 Unloading class 0x0000017b018f0000 'java/lang/invoke/LambdaForm$DMH+0x0000017b018f0000'
Event: 12.900 Thread 0x0000017b625f28b0 Unloading class 0x0000017b018d7400 'java/lang/invoke/LambdaForm$MH+0x0000017b018d7400'
Event: 12.900 Thread 0x0000017b625f28b0 Unloading class 0x0000017b018d7000 'java/lang/invoke/LambdaForm$DMH+0x0000017b018d7000'
Event: 12.900 Thread 0x0000017b625f28b0 Unloading class 0x0000017b018d6800 'java/lang/invoke/LambdaForm$DMH+0x0000017b018d6800'
Event: 12.900 Thread 0x0000017b625f28b0 Unloading class 0x0000017b018d6000 'java/lang/invoke/LambdaForm$DMH+0x0000017b018d6000'
Event: 12.900 Thread 0x0000017b625f28b0 Unloading class 0x0000017b018d5800 'java/lang/invoke/LambdaForm$MH+0x0000017b018d5800'
Event: 12.900 Thread 0x0000017b625f28b0 Unloading class 0x0000017b018d4c00 'java/lang/invoke/LambdaForm$DMH+0x0000017b018d4c00'
Event: 12.900 Thread 0x0000017b625f28b0 Unloading class 0x0000017b018d4000 'java/lang/invoke/LambdaForm$DMH+0x0000017b018d4000'
Event: 12.900 Thread 0x0000017b625f28b0 Unloading class 0x0000017b018cdc00 'java/lang/invoke/LambdaForm$MH+0x0000017b018cdc00'
Event: 12.900 Thread 0x0000017b625f28b0 Unloading class 0x0000017b018cd400 'java/lang/invoke/LambdaForm$DMH+0x0000017b018cd400'
Event: 12.900 Thread 0x0000017b625f28b0 Unloading class 0x0000017b018ccc00 'java/lang/invoke/LambdaForm$DMH+0x0000017b018ccc00'
Event: 12.900 Thread 0x0000017b625f28b0 Unloading class 0x0000017b018cc400 'java/lang/invoke/LambdaForm$DMH+0x0000017b018cc400'
Event: 12.900 Thread 0x0000017b625f28b0 Unloading class 0x0000017b018c5c00 'java/lang/invoke/LambdaForm$MH+0x0000017b018c5c00'
Event: 12.900 Thread 0x0000017b625f28b0 Unloading class 0x0000017b018c5400 'java/lang/invoke/LambdaForm$DMH+0x0000017b018c5400'
Event: 12.900 Thread 0x0000017b625f28b0 Unloading class 0x0000017b018c4c00 'java/lang/invoke/LambdaForm$DMH+0x0000017b018c4c00'
Event: 12.900 Thread 0x0000017b625f28b0 Unloading class 0x0000017b018c4400 'java/lang/invoke/LambdaForm$DMH+0x0000017b018c4400'
Event: 12.900 Thread 0x0000017b625f28b0 Unloading class 0x0000017b017fcc00 'java/lang/invoke/LambdaForm$DMH+0x0000017b017fcc00'

Classes redefined (0 events):
No events

Internal exceptions (20 events):
Event: 38.235 Thread 0x0000017b684292f0 Exception <a 'java/lang/NoSuchMethodError'{0x00000000963b5a18}: 'java.lang.Object java.lang.invoke.DirectMethodHandle$Holder.newInvokeSpecial(java.lang.Object, java.lang.Object, java.lang.Object, int, int, int, java.lang.Object)'> (0x00000000963b5a18) 
thrown [s\open\src\hotspot\share\interpreter\linkResolver.cpp, line 759]
Event: 38.236 Thread 0x0000017b684292f0 Exception <a 'java/lang/NoSuchMethodError'{0x0000000096256c00}: 'java.lang.Object java.lang.invoke.DirectMethodHandle$Holder.invokeSpecial(java.lang.Object, java.lang.Object, java.lang.Object, java.lang.Object, int, int, int, java.lang.Object)'> (0x0000000096256c00) 
thrown [s\open\src\hotspot\share\interpreter\linkResolver.cpp, line 759]
Event: 39.557 Thread 0x0000017b718cc070 Exception <a 'java/lang/NoSuchMethodError'{0x00000000943f9f98}: 'void java.lang.invoke.DirectMethodHandle$Holder.invokeStatic(java.lang.Object, java.lang.Object, long)'> (0x00000000943f9f98) 
thrown [s\open\src\hotspot\share\interpreter\linkResolver.cpp, line 759]
Event: 42.119 Thread 0x0000017b718ccfa0 Exception <a 'java/lang/NoSuchMethodError'{0x0000000090a20558}: 'java.lang.Object java.lang.invoke.DirectMethodHandle$Holder.invokeSpecial(java.lang.Object, java.lang.Object, int, java.lang.Object, int, java.lang.Object, java.lang.Object)'> (0x0000000090a20558) 
thrown [s\open\src\hotspot\share\interpreter\linkResolver.cpp, line 759]
Event: 42.471 Thread 0x0000017b628c0790 Exception <a 'java/lang/NoSuchMethodError'{0x000000008fe10798}: 'java.lang.Object java.lang.invoke.DirectMethodHandle$Holder.invokeSpecial(java.lang.Object, java.lang.Object, java.lang.Object, java.lang.Object, java.lang.Object, java.lang.Object, java.lang.Object, java.lang.Object, long, java.lang.Object, java.lang.Object, java.lang.Object, java.lang.Object)'> (0x000000008fe10798) 
thrown [s\open\src\hotspot\share\interpreter\linkResolver.cpp, line 759]
Event: 42.474 Thread 0x0000017b628c0790 Exception <a 'java/lang/NoSuchMethodError'{0x000000008fdf1158}: 'java.lang.Object java.lang.invoke.Invokers$Holder.linkToTargetMethod(java.lang.Object, java.lang.Object, java.lang.Object, java.lang.Object, java.lang.Object, java.lang.Object, java.lang.Object, long, java.lang.Object, java.lang.Object, java.lang.Object)'> (0x000000008fdf1158) 
thrown [s\open\src\hotspot\share\interpreter\linkResolver.cpp, line 759]
Event: 42.507 Thread 0x0000017b628c25f0 Implicit null exception at 0x0000017b5454c454 to 0x0000017b5454cc28
Event: 42.864 Thread 0x0000017b628c1bd0 Exception <a 'java/lang/NoSuchMethodError'{0x00000000995f1548}: 'java.lang.Object java.lang.invoke.DirectMethodHandle$Holder.newInvokeSpecial(java.lang.Object, java.lang.Object, java.lang.Object, java.lang.Object, long, java.lang.Object)'> (0x00000000995f1548) 
thrown [s\open\src\hotspot\share\interpreter\linkResolver.cpp, line 759]
Event: 42.864 Thread 0x0000017b628c1bd0 Exception <a 'java/lang/NoSuchMethodError'{0x00000000995f90c0}: 'java.lang.Object java.lang.invoke.Invokers$Holder.linkToTargetMethod(java.lang.Object, java.lang.Object, java.lang.Object, long, java.lang.Object, java.lang.Object)'> (0x00000000995f90c0) 
thrown [s\open\src\hotspot\share\interpreter\linkResolver.cpp, line 759]
Event: 42.869 Thread 0x0000017b628c1bd0 Exception <a 'java/lang/NoSuchMethodError'{0x0000000099411410}: 'java.lang.Object java.lang.invoke.DirectMethodHandle$Holder.invokeStatic(java.lang.Object, java.lang.Object, java.lang.Object, long, java.lang.Object, java.lang.Object, java.lang.Object)'> (0x0000000099411410) 
thrown [s\open\src\hotspot\share\interpreter\linkResolver.cpp, line 759]
Event: 42.870 Thread 0x0000017b628c1bd0 Exception <a 'java/lang/NoSuchMethodError'{0x000000009941b8e8}: 'java.lang.Object java.lang.invoke.DirectMethodHandle$Holder.newInvokeSpecial(java.lang.Object, java.lang.Object, java.lang.Object, long, java.lang.Object, java.lang.Object)'> (0x000000009941b8e8) 
thrown [s\open\src\hotspot\share\interpreter\linkResolver.cpp, line 759]
Event: 42.870 Thread 0x0000017b628c1bd0 Exception <a 'java/lang/NoSuchMethodError'{0x000000009941fb80}: 'java.lang.Object java.lang.invoke.DirectMethodHandle$Holder.invokeSpecial(java.lang.Object, java.lang.Object, java.lang.Object, java.lang.Object, long, java.lang.Object, java.lang.Object)'> (0x000000009941fb80) 
thrown [s\open\src\hotspot\share\interpreter\linkResolver.cpp, line 759]
Event: 42.870 Thread 0x0000017b628c1bd0 Exception <a 'java/lang/NoSuchMethodError'{0x0000000099423468}: 'java.lang.Object java.lang.invoke.Invokers$Holder.linkToTargetMethod(java.lang.Object, java.lang.Object, long, java.lang.Object, java.lang.Object, java.lang.Object)'> (0x0000000099423468) 
thrown [s\open\src\hotspot\share\interpreter\linkResolver.cpp, line 759]
Event: 43.269 Thread 0x0000017b718ccfa0 Exception <a 'java/lang/NoSuchMethodError'{0x0000000098b91278}: 'java.lang.Object java.lang.invoke.DirectMethodHandle$Holder.invokeStatic(java.lang.Object, java.lang.Object, int, java.lang.Object, java.lang.Object, java.lang.Object, java.lang.Object, java.lang.Object)'> (0x0000000098b91278) 
thrown [s\open\src\hotspot\share\interpreter\linkResolver.cpp, line 759]
Event: 43.270 Thread 0x0000017b718ccfa0 Exception <a 'java/lang/NoSuchMethodError'{0x0000000098b9c6f0}: 'java.lang.Object java.lang.invoke.DirectMethodHandle$Holder.newInvokeSpecial(java.lang.Object, java.lang.Object, int, java.lang.Object, java.lang.Object, java.lang.Object, java.lang.Object)'> (0x0000000098b9c6f0) 
thrown [s\open\src\hotspot\share\interpreter\linkResolver.cpp, line 759]
Event: 43.271 Thread 0x0000017b718ccfa0 Exception <a 'java/lang/NoSuchMethodError'{0x0000000098ba1008}: 'java.lang.Object java.lang.invoke.DirectMethodHandle$Holder.invokeSpecial(java.lang.Object, java.lang.Object, java.lang.Object, int, java.lang.Object, java.lang.Object, java.lang.Object, java.lang.Object)'> (0x0000000098ba1008) 
thrown [s\open\src\hotspot\share\interpreter\linkResolver.cpp, line 759]
Event: 43.271 Thread 0x0000017b718ccfa0 Exception <a 'java/lang/NoSuchMethodError'{0x0000000098ba4f50}: 'java.lang.Object java.lang.invoke.Invokers$Holder.linkToTargetMethod(java.lang.Object, int, java.lang.Object, java.lang.Object, java.lang.Object, java.lang.Object, java.lang.Object)'> (0x0000000098ba4f50) 
thrown [s\open\src\hotspot\share\interpreter\linkResolver.cpp, line 759]
Event: 43.315 Thread 0x0000017b6f4edc40 Exception <a 'java/lang/NoSuchMethodError'{0x0000000098946a28}: 'java.lang.Object java.lang.invoke.DirectMethodHandle$Holder.newInvokeSpecial(java.lang.Object, java.lang.Object, int, java.lang.Object, java.lang.Object, java.lang.Object, java.lang.Object, java.lang.Object)'> (0x0000000098946a28) 
thrown [s\open\src\hotspot\share\interpreter\linkResolver.cpp, line 759]
Event: 43.315 Thread 0x0000017b6f4edc40 Exception <a 'java/lang/NoSuchMethodError'{0x000000009894b638}: 'java.lang.Object java.lang.invoke.DirectMethodHandle$Holder.invokeSpecial(java.lang.Object, java.lang.Object, java.lang.Object, int, java.lang.Object, java.lang.Object, java.lang.Object, java.lang.Object, java.lang.Object)'> (0x000000009894b638) 
thrown [s\open\src\hotspot\share\interpreter\linkResolver.cpp, line 759]
Event: 43.316 Thread 0x0000017b6f4edc40 Exception <a 'java/lang/NoSuchMethodError'{0x000000009894f6a8}: 'java.lang.Object java.lang.invoke.Invokers$Holder.linkToTargetMethod(java.lang.Object, int, java.lang.Object, java.lang.Object, java.lang.Object, java.lang.Object, java.lang.Object, java.lang.Object)'> (0x000000009894f6a8) 
thrown [s\open\src\hotspot\share\interpreter\linkResolver.cpp, line 759]

VM Operations (20 events):
Event: 55.358 Executing VM operation: G1Concurrent done
Event: 55.409 Executing VM operation: G1CollectForAllocation
Event: 55.535 Executing VM operation: G1CollectForAllocation done
Event: 55.667 Executing VM operation: G1Concurrent
Event: 55.701 Executing VM operation: G1Concurrent done
Event: 56.121 Executing VM operation: ThreadDump
Event: 56.202 Executing VM operation: ThreadDump done
Event: 56.382 Executing VM operation: G1CollectForAllocation
Event: 56.454 Executing VM operation: G1CollectForAllocation done
Event: 56.460 Executing VM operation: G1CollectForAllocation
Event: 56.506 Executing VM operation: G1CollectForAllocation done
Event: 57.517 Executing VM operation: Cleanup
Event: 57.646 Executing VM operation: Cleanup done
Event: 57.814 Executing VM operation: G1CollectForAllocation
Event: 57.865 Executing VM operation: G1CollectForAllocation done
Event: 58.531 Executing VM operation: G1CollectForAllocation
Event: 58.577 Executing VM operation: G1CollectForAllocation done
Event: 58.833 Executing VM operation: G1CollectForAllocation
Event: 58.880 Executing VM operation: G1CollectForAllocation done
Event: 59.270 Executing VM operation: G1CollectForAllocation

Events (20 events):
Event: 47.780 Thread 0x0000017b62615a50 flushing nmethod 0x0000017b4d7df810
Event: 47.781 Thread 0x0000017b62615a50 flushing nmethod 0x0000017b4d8df490
Event: 47.781 Thread 0x0000017b62615a50 flushing nmethod 0x0000017b4d8e1890
Event: 47.781 Thread 0x0000017b62615a50 flushing nmethod 0x0000017b4d8e1c90
Event: 47.781 Thread 0x0000017b62615a50 flushing nmethod 0x0000017b4d8e6310
Event: 47.781 Thread 0x0000017b62615a50 flushing nmethod 0x0000017b4d8f3e10
Event: 47.781 Thread 0x0000017b62615a50 flushing nmethod 0x0000017b4d92a090
Event: 47.781 Thread 0x0000017b62615a50 flushing nmethod 0x0000017b4d931f10
Event: 47.781 Thread 0x0000017b62615a50 flushing nmethod 0x0000017b4d958790
Event: 50.885 Thread 0x0000017b68ce56c0 Thread exited: 0x0000017b68ce56c0
Event: 52.425 Thread 0x0000017b6a50fd70 Thread added: 0x0000017b6a50fd70
Event: 52.452 Thread 0x0000017b71dbdae0 Thread added: 0x0000017b71dbdae0
Event: 53.971 Thread 0x0000017b62615a50 flushing nmethod 0x0000017b546da610
Event: 53.982 Thread 0x0000017b62615a50 flushing nmethod 0x0000017b4ce8c810
Event: 53.985 Thread 0x0000017b62615a50 flushing nmethod 0x0000017b4d16ae90
Event: 54.651 Thread 0x0000017b71dbdae0 Thread exited: 0x0000017b71dbdae0
Event: 55.249 Thread 0x0000017b68ce56c0 Thread added: 0x0000017b68ce56c0
Event: 55.603 Thread 0x0000017b68ce56c0 Thread exited: 0x0000017b68ce56c0
Event: 59.055 Thread 0x0000017b71dbc5a0 Thread added: 0x0000017b71dbc5a0
Event: 59.135 Thread 0x0000017b6fc80060 Thread added: 0x0000017b6fc80060


Dynamic libraries:
0x00007ff6dfaf0000 - 0x00007ff6dfb00000 	C:\Program Files\Java\jdk-17\bin\java.exe
0x00007ffb35850000 - 0x00007ffb35a67000 	C:\WINDOWS\SYSTEM32\ntdll.dll
0x00007ffb33580000 - 0x00007ffb33644000 	C:\WINDOWS\System32\KERNEL32.DLL
0x00007ffb32e70000 - 0x00007ffb33227000 	C:\WINDOWS\System32\KERNELBASE.dll
0x00007ffb32b60000 - 0x00007ffb32c71000 	C:\WINDOWS\System32\ucrtbase.dll
0x00007ffb1db30000 - 0x00007ffb1db4b000 	C:\Program Files\Java\jdk-17\bin\VCRUNTIME140.dll
0x00007ffb1dae0000 - 0x00007ffb1daf9000 	C:\Program Files\Java\jdk-17\bin\jli.dll
0x00007ffb35510000 - 0x00007ffb355c2000 	C:\WINDOWS\System32\ADVAPI32.dll
0x00007ffb35370000 - 0x00007ffb35417000 	C:\WINDOWS\System32\msvcrt.dll
0x00007ffb33b10000 - 0x00007ffb33bb8000 	C:\WINDOWS\System32\sechost.dll
0x00007ffb32c80000 - 0x00007ffb32ca8000 	C:\WINDOWS\System32\bcrypt.dll
0x00007ffb34710000 - 0x00007ffb34824000 	C:\WINDOWS\System32\RPCRT4.dll
0x00007ffb34090000 - 0x00007ffb3423f000 	C:\WINDOWS\System32\USER32.dll
0x00007ffb332a0000 - 0x00007ffb332c6000 	C:\WINDOWS\System32\win32u.dll
0x00007ffb357e0000 - 0x00007ffb35809000 	C:\WINDOWS\System32\GDI32.dll
0x00007ffb32d50000 - 0x00007ffb32e68000 	C:\WINDOWS\System32\gdi32full.dll
0x00007ffb1b2b0000 - 0x00007ffb1b543000 	C:\WINDOWS\WinSxS\amd64_microsoft.windows.common-controls_6595b64144ccf1df_6.0.22621.3672_none_2713b9d173822955\COMCTL32.dll
0x00007ffb32cb0000 - 0x00007ffb32d4a000 	C:\WINDOWS\System32\msvcp_win.dll
0x00007ffb24410000 - 0x00007ffb2441a000 	C:\WINDOWS\SYSTEM32\VERSION.dll
0x00007ffb34830000 - 0x00007ffb34861000 	C:\WINDOWS\System32\IMM32.DLL
0x00007ffb2b5b0000 - 0x00007ffb2b5bc000 	C:\Program Files\Java\jdk-17\bin\vcruntime140_1.dll
0x00007ffab77a0000 - 0x00007ffab782e000 	C:\Program Files\Java\jdk-17\bin\msvcp140.dll
0x00007ffaaa550000 - 0x00007ffaab131000 	C:\Program Files\Java\jdk-17\bin\server\jvm.dll
0x00007ffb35420000 - 0x00007ffb35428000 	C:\WINDOWS\System32\PSAPI.DLL
0x00007ffb15dc0000 - 0x00007ffb15dc9000 	C:\WINDOWS\SYSTEM32\WSOCK32.dll
0x00007ffb34690000 - 0x00007ffb34701000 	C:\WINDOWS\System32\WS2_32.dll
0x00007ffb2b400000 - 0x00007ffb2b434000 	C:\WINDOWS\SYSTEM32\WINMM.dll
0x00007ffb31b70000 - 0x00007ffb31b88000 	C:\WINDOWS\SYSTEM32\kernel.appcore.dll
0x00007ffb1db20000 - 0x00007ffb1db2a000 	C:\Program Files\Java\jdk-17\bin\jimage.dll
0x00007ffb2d420000 - 0x00007ffb2d652000 	C:\WINDOWS\SYSTEM32\DBGHELP.DLL
0x00007ffb34240000 - 0x00007ffb345ce000 	C:\WINDOWS\System32\combase.dll
0x00007ffb35430000 - 0x00007ffb35507000 	C:\WINDOWS\System32\OLEAUT32.dll
0x00007ffb1ef50000 - 0x00007ffb1ef82000 	C:\WINDOWS\SYSTEM32\dbgcore.DLL
0x00007ffb33390000 - 0x00007ffb3340b000 	C:\WINDOWS\System32\bcryptPrimitives.dll
0x00007ffb1dab0000 - 0x00007ffb1dad5000 	C:\Program Files\Java\jdk-17\bin\java.dll
0x00007ffab2110000 - 0x00007ffab21e7000 	C:\Program Files\Java\jdk-17\bin\jsvml.dll
0x00007ffb34a00000 - 0x00007ffb35269000 	C:\WINDOWS\System32\SHELL32.dll
0x00007ffb30a80000 - 0x00007ffb3137f000 	C:\WINDOWS\SYSTEM32\windows.storage.dll
0x00007ffb30940000 - 0x00007ffb30a7f000 	C:\WINDOWS\SYSTEM32\wintypes.dll
0x00007ffb336b0000 - 0x00007ffb337a9000 	C:\WINDOWS\System32\SHCORE.dll
0x00007ffb33650000 - 0x00007ffb336ae000 	C:\WINDOWS\System32\shlwapi.dll
0x00007ffb32a90000 - 0x00007ffb32ab7000 	C:\WINDOWS\SYSTEM32\profapi.dll
0x00007ffb1da90000 - 0x00007ffb1daa9000 	C:\Program Files\Java\jdk-17\bin\net.dll
0x00007ffb29400000 - 0x00007ffb29536000 	C:\WINDOWS\SYSTEM32\WINHTTP.dll
0x00007ffb31fd0000 - 0x00007ffb32039000 	C:\WINDOWS\system32\mswsock.dll
0x00007ffb10e30000 - 0x00007ffb10e46000 	C:\Program Files\Java\jdk-17\bin\nio.dll
0x00007ffb10dc0000 - 0x00007ffb10dd8000 	C:\Program Files\Java\jdk-17\bin\zip.dll
0x00007ffb32320000 - 0x00007ffb3233b000 	C:\WINDOWS\SYSTEM32\CRYPTSP.dll
0x00007ffb31ad0000 - 0x00007ffb31b05000 	C:\WINDOWS\system32\rsaenh.dll
0x00007ffb32070000 - 0x00007ffb32098000 	C:\WINDOWS\SYSTEM32\USERENV.dll
0x00007ffb32300000 - 0x00007ffb3230c000 	C:\WINDOWS\SYSTEM32\CRYPTBASE.dll
0x00007ffb315e0000 - 0x00007ffb3160d000 	C:\WINDOWS\SYSTEM32\IPHLPAPI.DLL
0x00007ffb34680000 - 0x00007ffb34689000 	C:\WINDOWS\System32\NSI.dll
0x00007ffb29720000 - 0x00007ffb29739000 	C:\WINDOWS\SYSTEM32\dhcpcsvc6.DLL
0x00007ffb293a0000 - 0x00007ffb293bf000 	C:\WINDOWS\SYSTEM32\dhcpcsvc.DLL
0x00007ffb31650000 - 0x00007ffb31752000 	C:\WINDOWS\SYSTEM32\DNSAPI.dll
0x00007ffb10e70000 - 0x00007ffb10e7e000 	C:\Program Files\Java\jdk-17\bin\sunmscapi.dll
0x00007ffb33410000 - 0x00007ffb33576000 	C:\WINDOWS\System32\CRYPT32.dll
0x00007ffb32430000 - 0x00007ffb3245d000 	C:\WINDOWS\SYSTEM32\ncrypt.dll
0x00007ffb323f0000 - 0x00007ffb32427000 	C:\WINDOWS\SYSTEM32\NTASN1.dll
0x00007ffa90610000 - 0x00007ffa90618000 	C:\WINDOWS\system32\wshunix.dll
0x00007ffb10e20000 - 0x00007ffb10e2a000 	C:\Program Files\Java\jdk-17\bin\management.dll
0x00007ffb10db0000 - 0x00007ffb10dbb000 	C:\Program Files\Java\jdk-17\bin\management_ext.dll

dbghelp: loaded successfully - version: 4.0.5 - missing functions: none
symbol engine: initialized successfully - sym options: 0x614 - pdb path: .;C:\Program Files\Java\jdk-17\bin;C:\WINDOWS\SYSTEM32;C:\WINDOWS\WinSxS\amd64_microsoft.windows.common-controls_6595b64144ccf1df_6.0.22621.3672_none_2713b9d173822955;C:\Program Files\Java\jdk-17\bin\server

VM Arguments:
java_command: C:\\Users\\pc\\AppData\\Roaming\\daml\\sdk\\2.10.2\\canton\\canton.jar daemon -c C:\\Users\\pc\\AppData\\Local\\Temp\\extB71C --auto-connect-local
java_class_path (initial): C:\\Users\\pc\\AppData\\Roaming\\daml\\sdk\\2.10.2\\canton\\canton.jar
Launcher Type: SUN_STANDARD

[Global flags]
     intx CICompilerCount                          = 3                                         {product} {ergonomic}
     uint ConcGCThreads                            = 1                                         {product} {ergonomic}
     uint G1ConcRefinementThreads                  = 4                                         {product} {ergonomic}
   size_t G1HeapRegionSize                         = 1048576                                   {product} {ergonomic}
    uintx GCDrainStackTargetSize                   = 64                                        {product} {ergonomic}
   size_t InitialHeapSize                          = 134217728                                 {product} {ergonomic}
   size_t MarkStackSize                            = 4194304                                   {product} {ergonomic}
   size_t MaxHeapSize                              = 2118123520                                {product} {ergonomic}
   size_t MaxNewSize                               = 1270874112                                {product} {ergonomic}
   size_t MinHeapDeltaBytes                        = 1048576                                   {product} {ergonomic}
   size_t MinHeapSize                              = 8388608                                   {product} {ergonomic}
    uintx NonNMethodCodeHeapSize                   = 5832780                                {pd product} {ergonomic}
    uintx NonProfiledCodeHeapSize                  = 122912730                              {pd product} {ergonomic}
    uintx ProfiledCodeHeapSize                     = 122912730                              {pd product} {ergonomic}
    uintx ReservedCodeCacheSize                    = 251658240                              {pd product} {ergonomic}
     bool SegmentedCodeCache                       = true                                      {product} {ergonomic}
   size_t SoftMaxHeapSize                          = 2118123520                             {manageable} {ergonomic}
     bool UseCompressedClassPointers               = true                           {product lp64_product} {ergonomic}
     bool UseCompressedOops                        = true                           {product lp64_product} {ergonomic}
     bool UseG1GC                                  = true                                      {product} {ergonomic}
     bool UseLargePagesIndividualAllocation        = false                                  {pd product} {ergonomic}

Logging:
Log output configuration:
 #0: stdout all=warning uptime,level,tags
 #1: stderr all=off uptime,level,tags

Environment Variables:
JAVA_HOME=C:\Users\pc\Downloads\OpenJDK25U-jdk_x64_windows_hotspot_25.0.1_8\jdk-25.0.1+8
PATH=%PATH%;C:\Users\pc\AppData\Roaming\dpm\bin;C:\Users\pc\AppData\Roaming\daml\bin;C:\Users\pc\AppData\Local\cloud-code\installer\google-cloud-sdk\bin;C:\Python313\Scripts\;C:\Python313\;C:\Program Files\Common Files\Oracle\Java\javapath;C:\Windows\system32;C:\Windows;C:\Windows\System32\Wbem;C:\Windows\System32\WindowsPowerShell\v1.0\;C:\Windows\System32\OpenSSH\;C:\msys64\mingw64\bin;C:\Program Files\Git\cmd;C:\Program Files\dotnet\;C:\Program Files\Docker\Docker\resources\bin;C:\Program Files\PuTTY\;C:\Program Files (x86)\Bitvise SSH Client;C:\Program Files\bin;C:\Users\pc\.local\bin;C:\Program Files (x86)\Windows Kits\10\Windows Performance Toolkit\;C:\Program Files\Git LFS;C:\Users\pc\Downloads\jq;C:\Program Files\RedHat\Podman\;C:\ProgramData\chocolatey\bin;C:\Users\pc\AppData\Local\nvm;C:\nvm4w\nodejs;C:\Users\pc\scoop\shims;C:\Users\pc\AppData\Local\Programs\Python\Python310\Scripts\;C:\Users\pc\AppData\Local\Programs\Python\Python310\;C:\Users\pc\AppData\Local\Microsoft\WindowsApps;C:\Users\pc\AppData\Local\Programs\Microsoft VS Code Insiders\bin;C:\Users\pc\AppData\Local\Programs\Microsoft VS Code\bin;C:\Users\pc\.dotnet\tools;C:\Program Files\heroku\bin;C:\Users\pc\.bun\bin;C:\Users\pc\AppData\Roaming\npm;C:\Program Files\nvm;C:\Program Files\nodejs;C:\Program Files\PostgreSQL\17\bin;C:\Program Files\MBROLA;%USERPROFILE%\AppData\Local\Microsoft\WindowsApps;%JAVA_HOME%\bin
USERNAME=pc
LANG=en_US.UTF-8
OS=Windows_NT
PROCESSOR_IDENTIFIER=Intel64 Family 6 Model 78 Stepping 3, GenuineIntel



---------------  S Y S T E M  ---------------

OS:
 Windows 11 , 64 bit Build 22621 (10.0.22621.3958)
OS uptime: 0 days 8:10 hours
Hyper-V role detected

CPU: total 4 (initial active 4) (2 cores per cpu, 2 threads per core) family 6 model 78 stepping 3 microcode 0xd6, cx8, cmov, fxsr, ht, mmx, 3dnowpref, sse, sse2, sse3, ssse3, sse4.1, sse4.2, popcnt, lzcnt, tsc, tscinvbit, avx, avx2, aes, erms, clmul, bmi1, bmi2, rtm, adx, fma, vzeroupper, clflush, clflushopt, hv

Memory: 4k page, system-wide physical 8072M (439M free)
TotalPageFile size 17532M (AvailPageFile size 24M)
current process WorkingSet (physical memory assigned to process): 529M, peak: 788M
current process commit charge ("private bytes"): 1055M, peak: 1535M

vm_info: Java HotSpot(TM) 64-Bit Server VM (17.0.9+11-LTS-201) for windows-amd64 JRE (17.0.9+11-LTS-201), built on Oct 10 2023 23:16:06 by "mach5one" with MS VC++ 17.1 (VS2022)

END.
